"i_goodscode";"i_storecode";"i_count"
"G00001";"S00001";6
"G00002";"S00001";66
"G00003";"S00001";3
"G00004";"S00001";4
"G00005";"S00001";5
"G00006";"S00001";1
"G00007";"S00001";27
"G00008";"S00001";1
"G00009";"S00001";16
"G00010";"S00001";2
"G00011";"S00001";1
"G00012";"S00001";18
"G00013";"S00001";48
"G00014";"S00001";18
"G00015";"S00001";96
"G00016";"S00001";38
"G00017";"S00001";190
"G00018";"S00001";5
"G00019";"S00001";17
"G00020";"S00001";6
"G00021";"S00001";80
"G00022";"S00001";47
"G00023";"S00001";8
"G00024";"S00001";88
"G00025";"S00001";2
"G00026";"S00001";1
"G00027";"S00001";2
"G00028";"S00001";6
"G00029";"S00001";5
"G00030";"S00001";91
"G00031";"S00001";21
"G00032";"S00001";45
"G00033";"S00001";3
"G00034";"S00001";1
"G00035";"S00001";12
"G00036";"S00001";1
"G00037";"S00001";10
"G00038";"S00001";53
"G00039";"S00001";5
"G00040";"S00001";1
"G00041";"S00001";1
"G00042";"S00001";37
"G00043";"S00001";3
"G00044";"S00001";8
"G00045";"S00001";16
"G00046";"S00001";21
"G00047";"S00001";4
"G00048";"S00001";25
"G00049";"S00001";37
"G00050";"S00001";4
"G00051";"S00001";49
"G00052";"S00001";12
"G00053";"S00001";24
"G00054";"S00001";362
"G00055";"S00001";1
"G00056";"S00001";1
"G00057";"S00001";20
"G00058";"S00001";2
"G00059";"S00001";1
"G00060";"S00001";3
"G00061";"S00001";5
"G00062";"S00001";2
"G00063";"S00001";2
"G00064";"S00001";1
"G00065";"S00001";1
"G00066";"S00001";16
"G00067";"S00001";3
"G00068";"S00001";1
"G00069";"S00001";1
"G00070";"S00001";5
"G00071";"S00001";11
"G00072";"S00001";2
"G00073";"S00001";2
"G00074";"S00001";5
"G00075";"S00001";1
"G00076";"S00001";29
"G00077";"S00001";66
"G00078";"S00001";9
"G00079";"S00001";5
"G00080";"S00001";320
"G00081";"S00001";10
"G00082";"S00001";5
"G00083";"S00001";8
"G00084";"S00001";6
"G00085";"S00001";1
"G00086";"S00001";48
"G00087";"S00001";25
"G00088";"S00001";190
"G00089";"S00001";114
"G00090";"S00001";2
"G00091";"S00001";5
"G00092";"S00001";29
"G00093";"S00001";49
"G00094";"S00001";21
"G00095";"S00001";13
"G00096";"S00001";7
"G00097";"S00001";25
"G00098";"S00001";47
"G00099";"S00001";18
"G00100";"S00001";1
"G00101";"S00001";1
"G00102";"S00001";1
"G00103";"S00001";1
"G00104";"S00001";8
"G00105";"S00001";2
"G00106";"S00001";1
"G00107";"S00001";1
"G00108";"S00001";36
"G00109";"S00001";15
"G00110";"S00001";3
"G00111";"S00001";1
"G00112";"S00001";4
"G00113";"S00001";5
"G00114";"S00001";5
"G00115";"S00001";2
"G00116";"S00001";13
"G00117";"S00001";2
"G00118";"S00001";1
"G00119";"S00001";122
"G00120";"S00001";3
"G00121";"S00001";10
"G00122";"S00001";2
"G00123";"S00001";27
"G00124";"S00001";2
"G00125";"S00001";2
"G00126";"S00001";2
"G00127";"S00001";1
"G00128";"S00001";2
"G00129";"S00001";1
"G00130";"S00001";3
"G00131";"S00001";1
"G00132";"S00001";2
"G00133";"S00001";1
"G00134";"S00001";15
"G00135";"S00001";9
"G00136";"S00001";13
"G00137";"S00001";8
"G00138";"S00001";33
"G00139";"S00001";32
"G00140";"S00001";1
"G00141";"S00001";69
"G00142";"S00001";2
"G00143";"S00001";3
"G00144";"S00001";5
"G00145";"S00001";26
"G00146";"S00001";7
"G00147";"S00001";2
"G00148";"S00001";12
"G00149";"S00001";3
"G00150";"S00001";10
"G00151";"S00001";3
"G00152";"S00001";13
"G00153";"S00001";43
"G00154";"S00001";7
"G00155";"S00001";1
"G00156";"S00001";2
"G00157";"S00001";291
"G00158";"S00001";1
"G00159";"S00001";1
"G00160";"S00001";4
"G00161";"S00001";8
"G00162";"S00001";108
"G00163";"S00001";1
"G00164";"S00001";4
"G00165";"S00001";2
"G00166";"S00001";1
"G00167";"S00001";1
"G00168";"S00001";24
"G00169";"S00001";9
"G00170";"S00001";1
"G00171";"S00001";6
"G00172";"S00001";1
"G00173";"S00001";4
"G00174";"S00001";8
"G00175";"S00001";1
"G00176";"S00001";2
"G00177";"S00001";3
"G00178";"S00001";7
"G00179";"S00001";5
"G00180";"S00001";8
"G00181";"S00001";1
"G00182";"S00001";4
"G00183";"S00001";1
"G00184";"S00001";7
"G00185";"S00001";3
"G00186";"S00001";2
"G00187";"S00001";1
"G00188";"S00001";12
"G00189";"S00001";3
"G00190";"S00001";7
"G00191";"S00001";1
"G00192";"S00001";2
"G00193";"S00001";1
"G00194";"S00001";6
"G00195";"S00001";1
"G00196";"S00001";4
"G00197";"S00001";3
"G00198";"S00001";2
"G00199";"S00001";3
"G00200";"S00001";108
"G00201";"S00001";12
"G00202";"S00001";1
"G00203";"S00001";77
"G00204";"S00001";2
"G00205";"S00001";1
"G00206";"S00001";5
"G00207";"S00001";2
"G00208";"S00001";43
"G00209";"S00001";54
"G00210";"S00001";7
"G00211";"S00001";27
"G00212";"S00001";84
"G00213";"S00001";8
"G00214";"S00001";3
"G00215";"S00001";6
"G00216";"S00001";1
"G00217";"S00001";14
"G00218";"S00001";6
"G00219";"S00001";5
"G00220";"S00001";28
"G00221";"S00001";7
"G00222";"S00001";1
"G00223";"S00001";2
"G00224";"S00001";1
"G00225";"S00001";31
"G00226";"S00001";31
"G00227";"S00001";6
"G00228";"S00001";6
"G00229";"S00001";26
"G00230";"S00001";6
"G00231";"S00001";12
"G00232";"S00001";1
"G00233";"S00001";1
"G00234";"S00001";4
"G00235";"S00001";3
"G00236";"S00001";1
"G00237";"S00001";1
"G00238";"S00001";2
"G00239";"S00001";10
"G00240";"S00001";7
"G00241";"S00001";176
"G00242";"S00001";3
"G00243";"S00001";10
"G00244";"S00001";39
"G00245";"S00001";4
"G00246";"S00001";1
"G00247";"S00001";3
"G00248";"S00001";1
"G00249";"S00001";1
"G00250";"S00001";1
"G00251";"S00001";20
"G00252";"S00001";1
"G00253";"S00001";1
"G00254";"S00001";1
"G00255";"S00001";10
"G00256";"S00001";22
"G00257";"S00001";6
"G00258";"S00001";3
"G00259";"S00001";8
"G00260";"S00001";201
"G00261";"S00001";3
"G00262";"S00001";23
"G00263";"S00001";3
"G00264";"S00001";6
"G00265";"S00001";7
"G00266";"S00001";2
"G00267";"S00001";1
"G00268";"S00001";20
"G00269";"S00001";1
"G00270";"S00001";102
"G00271";"S00001";48
"G00272";"S00001";3
"G00273";"S00001";16
"G00274";"S00001";30
"G00275";"S00001";4
"G00276";"S00001";2
"G00277";"S00001";104
"G00278";"S00001";12
"G00279";"S00001";4
"G00280";"S00001";6
"G00281";"S00001";5
"G00282";"S00001";1
"G00283";"S00001";4
"G00284";"S00001";2
"G00285";"S00001";148
"G00286";"S00001";1
"G00287";"S00001";28
"G00288";"S00001";19
"G00289";"S00001";11
"G00290";"S00001";57
"G00291";"S00001";53
"G00292";"S00001";7
"G00293";"S00001";133
"G00294";"S00001";2
"G00295";"S00001";2
"G00296";"S00001";9
"G00297";"S00001";1
"G00298";"S00001";4
"G00299";"S00001";62
"G00300";"S00001";16
"G00301";"S00001";34
"G00302";"S00001";1
"G00303";"S00001";5
"G00304";"S00001";34
"G00305";"S00001";1
"G00306";"S00001";11
"G00307";"S00001";4
"G00308";"S00001";21
"G00309";"S00001";3
"G00310";"S00001";1
"G00311";"S00001";4
"G00312";"S00001";1
"G00313";"S00001";81
"G00314";"S00001";26
"G00315";"S00001";22
"G00316";"S00001";2
"G00317";"S00001";19
"G00318";"S00001";1296
"G00319";"S00001";6
"G00320";"S00001";9
"G00321";"S00001";2
"G00322";"S00001";26
"G00323";"S00001";2
"G00324";"S00001";15
"G00325";"S00001";32
"G00326";"S00001";1
"G00327";"S00001";3
"G00328";"S00001";9
"G00329";"S00001";4
"G00330";"S00001";7
"G00331";"S00001";16
"G00332";"S00001";9
"G00333";"S00001";8
"G00334";"S00001";2
"G00335";"S00001";7
"G00336";"S00001";1
"G00337";"S00001";5
"G00338";"S00001";2
"G00339";"S00001";15
"G00340";"S00001";15
"G00341";"S00001";288
"G00342";"S00001";2
"G00343";"S00001";5
"G00344";"S00001";7
"G00345";"S00001";1
"G00346";"S00001";6
"G00347";"S00001";2
"G00348";"S00001";1
"G00349";"S00001";2
"G00350";"S00001";1
"G00351";"S00001";1
"G00352";"S00001";9
"G00353";"S00001";2
"G00354";"S00001";2
"G00355";"S00001";2
"G00356";"S00001";4
"G00357";"S00001";1
"G00358";"S00001";2
"G00359";"S00001";2
"G00360";"S00001";3
"G00361";"S00001";3
"G00362";"S00001";14
"G00363";"S00001";20
"G00364";"S00001";8
"G00365";"S00001";3
"G00366";"S00001";5
"G00367";"S00001";29
"G00368";"S00001";3
"G00369";"S00001";10
"G00370";"S00001";4
"G00371";"S00001";21
"G00372";"S00001";3
"G00373";"S00001";4
"G00374";"S00001";14
"G00375";"S00001";4
"G00376";"S00001";5
"G00377";"S00001";1
"G00378";"S00001";8
"G00379";"S00001";2
"G00380";"S00001";2
"G00381";"S00001";14
"G00382";"S00001";3
"G00383";"S00001";1
"G00384";"S00001";8
"G00385";"S00001";7
"G00386";"S00001";162
"G00387";"S00001";1
"G00388";"S00001";1
"G00389";"S00001";2
"G00390";"S00001";102
"G00391";"S00001";8
"G00392";"S00001";1
"G00393";"S00001";5
"G00394";"S00001";77
"G00395";"S00001";17
"G00396";"S00001";2
"G00397";"S00001";2
"G00398";"S00001";12
"G00399";"S00001";1
"G00400";"S00001";3
"G00401";"S00001";9
"G00402";"S00001";1
"G00403";"S00001";9
"G00404";"S00001";2
"G00405";"S00001";8
"G00406";"S00001";1
"G00407";"S00001";1
"G00408";"S00001";1
"G00409";"S00001";16
"G00410";"S00001";46
"G00411";"S00001";5
"G00412";"S00001";5
"G00413";"S00001";15
"G00414";"S00001";54
"G00415";"S00001";9
"G00416";"S00001";1
"G00417";"S00001";15
"G00418";"S00001";19
"G00419";"S00001";3
"G00420";"S00001";10
"G00421";"S00001";9
"G00422";"S00001";6
"G00423";"S00001";7
"G00424";"S00001";3
"G00425";"S00001";1
"G00426";"S00001";100
"G00427";"S00001";5
"G00428";"S00001";1
"G00429";"S00001";4
"G00430";"S00001";7
"G00431";"S00001";5
"G00432";"S00001";2
"G00433";"S00001";2
"G00434";"S00001";1
"G00435";"S00001";8
"G00436";"S00001";1
"G00437";"S00001";2
"G00438";"S00001";5
"G00439";"S00001";8
"G00440";"S00001";2
"G00441";"S00001";232
"G00442";"S00001";2
"G00443";"S00001";3
"G00444";"S00001";3
"G00445";"S00001";8
"G00446";"S00001";14
"G00447";"S00001";7
"G00448";"S00001";121
"G00449";"S00001";3
"G00450";"S00001";15
"G00451";"S00001";4
"G00452";"S00001";1
"G00453";"S00001";2
"G00454";"S00001";6
"G00455";"S00001";53
"G00456";"S00001";44
"G00457";"S00001";2
"G00458";"S00001";17
"G00459";"S00001";3
"G00460";"S00001";23
"G00461";"S00001";16
"G00462";"S00001";20
"G00463";"S00001";1
"G00464";"S00001";3
"G00465";"S00001";6
"G00466";"S00001";7
"G00467";"S00001";10
"G00468";"S00001";3
"G00469";"S00001";256
"G00470";"S00001";1
"G00471";"S00001";6
"G00472";"S00001";28
"G00473";"S00001";20
"G00474";"S00001";12
"G00475";"S00001";1
"G00476";"S00001";2
"G00477";"S00001";3
"G00478";"S00001";3
"G00479";"S00001";89
"G00480";"S00001";2
"G00481";"S00001";2
"G00482";"S00001";5
"G00483";"S00001";9
"G00484";"S00001";5
"G00485";"S00001";13
"G00486";"S00001";2
"G00487";"S00001";7
"G00488";"S00001";1
"G00489";"S00001";4
"G00490";"S00001";3
"G00491";"S00001";4
"G00492";"S00001";1
"G00493";"S00001";21
"G00494";"S00001";3
"G00495";"S00001";12
"G00496";"S00001";12
"G00497";"S00001";1
"G00498";"S00001";6
"G00499";"S00001";53
"G00500";"S00001";51
"G00501";"S00001";8
"G00502";"S00001";9
"G00503";"S00001";1
"G00504";"S00001";27
"G00505";"S00001";17
"G00506";"S00001";7
"G00507";"S00001";2
"G00508";"S00001";3
"G00509";"S00001";34
"G00510";"S00001";1
"G00511";"S00001";1
"G00512";"S00001";3
"G00513";"S00001";5
"G00514";"S00001";1
"G00515";"S00001";15
"G00516";"S00001";12
"G00517";"S00001";4
"G00518";"S00001";3
"G00519";"S00001";7
"G00520";"S00001";1
"G00521";"S00001";1
"G00522";"S00001";6
"G00523";"S00001";6
"G00524";"S00001";3
"G00525";"S00001";20
"G00526";"S00001";2
"G00527";"S00001";1
"G00528";"S00001";2
"G00529";"S00001";1
"G00530";"S00001";1
"G00531";"S00001";2
"G00532";"S00001";10
"G00533";"S00001";14
"G00534";"S00001";3
"G00535";"S00001";6
"G00536";"S00001";2
"G00537";"S00001";4
"G00538";"S00001";2
"G00539";"S00001";33
"G00540";"S00001";8
"G00541";"S00001";1
"G00542";"S00001";6
"G00543";"S00001";9
"G00544";"S00001";12
"G00545";"S00001";73
"G00546";"S00001";2
"G00547";"S00001";61
"G00548";"S00001";3
"G00549";"S00001";4
"G00550";"S00001";54
"G00551";"S00001";25
"G00552";"S00001";1
"G00553";"S00001";14
"G00554";"S00001";1
"G00555";"S00001";1
"G00556";"S00001";1
"G00557";"S00001";1
"G00558";"S00001";1
"G00559";"S00001";11
"G00560";"S00001";1
"G00561";"S00001";1
"G00562";"S00001";1
"G00563";"S00001";2
"G00564";"S00001";6
"G00565";"S00001";3
"G00566";"S00001";4
"G00567";"S00001";278
"G00568";"S00001";5
"G00569";"S00001";2
"G00570";"S00001";1
"G00571";"S00001";3
"G00572";"S00001";37
"G00573";"S00001";49
"G00574";"S00001";4
"G00575";"S00001";1
"G00576";"S00001";3
"G00577";"S00001";1
"G00578";"S00001";2
"G00579";"S00001";5
"G00580";"S00001";1
"G00581";"S00001";1
"G00582";"S00001";6
"G00583";"S00001";27
"G00584";"S00001";59
"G00585";"S00001";41
"G00586";"S00001";119
"G00587";"S00001";24
"G00588";"S00001";3
"G00589";"S00001";4
"G00590";"S00001";1
"G00591";"S00001";16
"G00592";"S00001";6
"G00593";"S00001";1
"G00594";"S00001";1
"G00595";"S00001";1
"G00596";"S00001";5
"G00597";"S00001";5
"G00598";"S00001";1
"G00599";"S00001";108
"G00600";"S00001";3
"G00601";"S00001";4
"G00602";"S00001";1
"G00603";"S00001";13
"G00604";"S00001";6
"G00605";"S00001";2
"G00606";"S00001";1
"G00607";"S00001";24
"G00608";"S00001";2
"G00609";"S00001";2
"G00610";"S00001";4
"G00611";"S00001";3
"G00612";"S00001";1
"G00613";"S00001";1
"G00614";"S00001";4
"G00615";"S00001";1
"G00616";"S00001";2
"G00617";"S00001";1
"G00618";"S00001";2
"G00619";"S00001";4
"G00620";"S00001";6
"G00621";"S00001";1
"G00622";"S00001";1
"G00623";"S00001";1
"G00624";"S00001";11
"G00625";"S00001";2
"G00626";"S00001";1
"G00627";"S00001";1
"G00628";"S00001";4
"G00629";"S00001";8
"G00630";"S00001";20
"G00631";"S00001";4
"G00632";"S00001";2
"G00633";"S00001";8
"G00634";"S00001";23
"G00635";"S00001";2
"G00636";"S00001";1
"G00637";"S00001";18
"G00638";"S00001";1
"G00639";"S00001";1
"G00640";"S00001";2
"G00641";"S00001";1
"G00642";"S00001";1
"G00643";"S00001";1
"G00644";"S00001";4
"G00645";"S00001";3
"G00646";"S00001";3
"G00647";"S00001";10
"G00648";"S00001";1
"G00649";"S00001";2
"G00650";"S00001";2
"G00651";"S00001";2
"G00652";"S00001";3
"G00653";"S00001";1
"G00654";"S00001";1
"G00655";"S00001";5
"G00656";"S00001";1
"G00657";"S00001";1
"G00658";"S00001";2
"G00659";"S00001";1
"G00660";"S00001";2
"G00661";"S00001";2
"G00662";"S00001";40
"G00663";"S00001";1
"G00664";"S00001";11
"G00665";"S00001";18
"G00666";"S00001";1
"G00667";"S00001";3
"G00668";"S00001";2
"G00669";"S00001";12
"G00670";"S00001";1
"G00671";"S00001";1
"G00672";"S00001";1
"G00673";"S00001";35
"G00674";"S00001";1
"G00675";"S00001";6
"G00676";"S00001";2
"G00677";"S00001";16
"G00678";"S00001";3
"G00679";"S00001";1
"G00680";"S00001";2
"G00681";"S00001";1
"G00682";"S00001";8
"G00683";"S00001";6
"G00684";"S00001";9
"G00685";"S00001";1
"G00686";"S00001";5
"G00687";"S00001";2
"G00688";"S00001";5
"G00689";"S00001";1
"G00690";"S00001";1
"G00691";"S00001";1
"G00692";"S00001";1
"G00693";"S00001";1
"G00694";"S00001";1
"G00695";"S00001";1
"G00696";"S00001";1
"G00697";"S00001";1
"G00698";"S00001";1
"G00699";"S00001";18
"G00700";"S00001";4
"G00701";"S00001";3
"G00702";"S00001";15
"G00703";"S00001";3
"G00704";"S00001";36
"G00705";"S00001";1
"G00706";"S00001";1
"G00707";"S00001";5
"G00708";"S00001";15
"G00709";"S00001";1
"G00710";"S00001";1
"G00711";"S00001";3
"G00712";"S00001";1
"G00713";"S00001";1
"G00714";"S00001";1
"G00715";"S00001";1
"G00716";"S00001";1
"G00717";"S00001";2
"G00718";"S00001";2
"G00719";"S00001";1
"G00720";"S00001";1
"G00721";"S00001";1
"G00722";"S00001";2
"G00723";"S00001";1
"G00724";"S00001";16
"G00725";"S00001";1
"G00726";"S00001";1
"G00727";"S00001";1
"G00728";"S00001";1
"G00729";"S00001";8
"G00730";"S00001";1
"G00731";"S00001";3
"G00732";"S00001";25
"G00733";"S00001";47
"G00734";"S00001";1
"G00735";"S00001";2
"G00736";"S00001";3
"G00737";"S00001";3
"G00738";"S00001";4
"G00739";"S00001";5
"G00740";"S00001";17
"G00741";"S00001";7
"G00742";"S00001";2
"G00743";"S00001";1
"G00744";"S00001";5
"G00745";"S00001";2
"G00746";"S00001";1
"G00747";"S00001";2
"G00748";"S00001";7
"G00749";"S00001";6
"G00750";"S00001";1
"G00751";"S00001";5
"G00752";"S00001";5
"G00753";"S00001";1
"G00754";"S00001";5
"G00755";"S00001";4
"G00756";"S00001";1
"G00757";"S00001";10
"G00758";"S00001";1
"G00759";"S00001";1
"G00760";"S00001";1
"G00761";"S00001";1
"G00762";"S00001";5
"G00763";"S00001";40
"G00764";"S00001";10
"G00765";"S00001";1
"G00766";"S00001";5
"G00767";"S00001";42
"G00768";"S00001";83
"G00769";"S00001";2
"G00770";"S00001";1
"G00771";"S00001";2
"G00772";"S00001";14
"G00773";"S00001";3
"G00774";"S00001";4
"G00775";"S00001";3
"G00776";"S00001";2
"G00777";"S00001";5
"G00778";"S00001";12
"G00779";"S00001";2
"G00780";"S00001";5
"G00781";"S00001";15
"G00782";"S00001";2
"G00783";"S00001";4
"G00784";"S00001";2
"G00785";"S00001";9
"G00786";"S00001";29
"G00787";"S00001";1
"G00788";"S00001";1
"G00789";"S00001";2
"G00790";"S00001";4
"G00791";"S00001";11
"G00792";"S00001";2
"G00793";"S00001";31
"G00794";"S00001";4
"G00795";"S00001";2
"G00796";"S00001";12
"G00797";"S00001";5
"G00798";"S00001";1
"G00799";"S00001";1
"G00800";"S00001";1
"G00801";"S00001";1
"G00802";"S00001";6
"G00803";"S00001";19
"G00804";"S00001";2
"G00805";"S00001";18
"G00806";"S00001";2
"G00807";"S00001";2
"G00808";"S00001";3
"G00809";"S00001";5
"G00810";"S00001";2
"G00811";"S00001";1
"G00812";"S00001";1
"G00813";"S00001";6
"G00814";"S00001";10
"G00815";"S00001";4
"G00816";"S00001";4
"G00817";"S00001";43
"G00818";"S00001";3
"G00819";"S00001";4
"G00820";"S00001";2
"G00821";"S00001";6
"G00822";"S00001";1
"G00823";"S00001";2
"G00824";"S00001";8
"G00825";"S00001";31
"G00826";"S00001";8
"G00827";"S00001";10
"G00828";"S00001";6
"G00829";"S00001";44
"G00830";"S00001";16
"G00831";"S00001";8
"G00832";"S00001";10
"G00833";"S00001";4
"G00834";"S00001";4
"G00835";"S00001";31
"G00836";"S00001";2
"G00837";"S00001";77
"G00838";"S00001";126
"G00839";"S00001";2
"G00840";"S00001";26
"G00841";"S00001";10
"G00842";"S00001";6
"G00843";"S00001";3
"G00844";"S00001";2
"G00845";"S00001";36
"G00846";"S00001";18
"G00847";"S00001";16
"G00848";"S00001";1
"G00849";"S00001";2
"G00850";"S00001";1
"G00851";"S00001";14
"G00852";"S00001";2
"G00853";"S00001";1
"G00854";"S00001";1
"G00855";"S00001";9
"G00856";"S00001";5
"G00857";"S00001";4
"G00858";"S00001";8
"G00859";"S00001";2
"G00860";"S00001";3
"G00861";"S00001";1
"G00862";"S00001";4
"G00863";"S00001";10
"G00864";"S00001";2
"G00865";"S00001";4
"G00866";"S00001";1
"G00867";"S00001";1
"G00868";"S00001";1
"G00869";"S00001";6
"G00870";"S00001";4
"G00871";"S00001";1
"G00872";"S00001";3
"G00873";"S00001";2
"G00874";"S00001";1
"G00875";"S00001";1
"G00876";"S00001";1
"G00877";"S00001";1
"G00878";"S00001";4
"G00879";"S00001";6
"G00880";"S00001";1
"G00881";"S00001";1
"G00882";"S00001";1
"G00883";"S00001";8
"G00884";"S00001";2
"G00885";"S00001";1
"G00886";"S00001";1
"G00887";"S00001";2
"G00888";"S00001";1
"G00889";"S00001";10
"G00890";"S00001";1
"G00891";"S00001";3
"G00892";"S00001";8
"G00893";"S00001";1
"G00894";"S00001";1
"G00895";"S00001";1
"G00896";"S00001";46
"G00897";"S00001";2
"G00898";"S00001";4
"G00899";"S00001";1
"G00900";"S00001";2
"G00901";"S00001";10
"G00902";"S00001";1
"G00903";"S00001";2
"G00904";"S00001";1
"G00905";"S00001";27
"G00906";"S00001";2
"G00907";"S00001";9
"G00908";"S00001";1
"G00909";"S00001";2
"G00910";"S00001";1
"G00911";"S00001";2
"G00912";"S00001";1
"G00913";"S00001";30
"G00914";"S00001";48
"G00915";"S00001";4
"G00916";"S00001";2
"G00917";"S00001";1
"G00918";"S00001";3
"G00919";"S00001";3
"G00920";"S00001";1
"G00921";"S00001";2
"G00922";"S00001";1
"G00923";"S00001";4
"G00924";"S00001";61
"G00925";"S00001";5
"G00926";"S00001";21
"G00927";"S00001";2
"G00928";"S00001";4
"G00929";"S00001";5
"G00930";"S00001";5
"G00931";"S00001";49
"G00932";"S00001";2
"G00933";"S00001";5
"G00934";"S00001";1
"G00935";"S00001";13
"G00936";"S00001";4
"G00937";"S00001";3
"G00938";"S00001";1
"G00939";"S00001";1
"G00940";"S00001";1
"G00941";"S00001";4
"G00942";"S00001";1
"G00943";"S00001";15
"G00944";"S00001";1
"G00945";"S00001";3
"G00946";"S00001";1
"G00947";"S00001";1
"G00948";"S00001";1
"G00949";"S00001";90
"G00950";"S00001";1
"G00951";"S00001";1
"G00952";"S00001";6
"G00953";"S00001";1
"G00954";"S00001";12
"G00955";"S00001";15
"G00956";"S00001";2
"G00957";"S00001";3
"G00958";"S00001";2
"G00959";"S00001";1
"G00960";"S00001";1
"G00961";"S00001";1
"G00962";"S00001";4
"G00963";"S00001";3
"G00964";"S00001";2
"G00965";"S00001";6
"G00966";"S00001";70
"G00967";"S00001";1
"G00968";"S00001";2
"G00969";"S00001";2
"G00970";"S00001";5
"G00971";"S00001";1
"G00972";"S00001";2
"G00973";"S00001";3
"G00974";"S00001";1
"G00975";"S00001";2
"G00976";"S00001";1
"G00977";"S00001";30
"G00978";"S00001";2
"G00979";"S00001";26
"G00980";"S00001";1
"G00981";"S00001";7
"G00982";"S00001";2
"G00983";"S00001";9
"G00984";"S00001";1
"G00985";"S00001";1
"G00986";"S00001";1
"G00987";"S00001";1
"G00988";"S00001";4
"G00989";"S00001";1
"G00990";"S00001";1
"G00991";"S00001";32
"G00992";"S00001";1
"G00993";"S00001";13
"G00994";"S00001";2
"G00995";"S00001";2
"G00996";"S00001";6
"G00997";"S00001";1
"G00998";"S00001";7
"G00999";"S00001";1
"G01000";"S00001";1
"G01001";"S00001";2
"G01002";"S00001";3
"G01003";"S00001";1
"G01004";"S00001";1
"G01005";"S00001";1
"G01006";"S00001";3
"G01007";"S00001";3
"G01008";"S00001";5
"G01009";"S00001";1
"G01010";"S00001";2
"G01011";"S00001";2
"G01012";"S00001";1
"G01013";"S00001";2
"G01014";"S00001";8
"G01015";"S00001";1
"G01016";"S00001";2
"G01017";"S00001";1
"G01018";"S00001";3
"G01019";"S00001";3
"G01020";"S00001";1
"G01021";"S00001";1
"G01022";"S00001";5
"G01023";"S00001";1
"G01024";"S00001";1
"G01025";"S00001";2
"G01026";"S00001";60
"G01027";"S00001";2
"G01028";"S00001";10
"G01029";"S00001";3
"G01030";"S00001";4
"G01031";"S00001";3
"G01032";"S00001";9
"G01033";"S00001";1
"G01034";"S00001";4
"G01035";"S00001";2
"G01036";"S00001";10
"G01037";"S00001";2
"G01038";"S00001";1
"G01039";"S00001";9
"G01040";"S00001";11
"G01041";"S00001";2
"G01042";"S00001";1
"G01043";"S00001";4
"G01044";"S00001";57
"G01045";"S00001";2
"G01046";"S00001";2
"G01047";"S00001";8
"G01048";"S00001";3
"G01049";"S00001";1
"G01050";"S00001";1
"G01051";"S00001";1
"G01052";"S00001";8
"G01053";"S00001";1
"G01054";"S00001";11
"G01055";"S00001";2
"G01056";"S00001";8
"G01057";"S00001";35
"G01058";"S00001";3
"G01059";"S00001";2
"G01060";"S00001";28
"G01061";"S00001";5
"G01062";"S00001";16
"G01063";"S00001";3
"G01064";"S00001";2
"G01065";"S00001";18
"G01066";"S00001";3
"G01067";"S00001";1
"G01068";"S00001";2
"G01069";"S00001";20
"G01070";"S00001";1
"G01071";"S00001";1
"G01072";"S00001";6
"G01073";"S00001";22
"G01074";"S00001";11
"G01075";"S00001";3
"G01076";"S00001";3
"G01077";"S00001";6
"G01078";"S00001";1
"G01079";"S00001";1
"G01080";"S00001";1
"G01081";"S00001";1
"G01082";"S00001";1
"G01083";"S00001";1
"G01084";"S00001";1
"G01085";"S00001";1
"G01086";"S00001";3
"G01087";"S00001";51
"G01088";"S00001";36
"G01089";"S00001";1
"G01090";"S00001";1
"G01091";"S00001";5
"G01092";"S00001";1
"G01093";"S00001";1
"G01094";"S00001";1
"G01095";"S00001";7
"G01096";"S00001";6
"G01097";"S00001";4
"G01098";"S00001";1
"G01099";"S00001";4
"G01100";"S00001";1
"G01101";"S00001";1
"G01102";"S00001";1
"G01103";"S00001";4
"G01104";"S00001";1
"G01105";"S00001";2
"G01106";"S00001";6
"G01107";"S00001";3
"G01108";"S00001";2
"G01109";"S00001";1
"G01110";"S00001";3
"G01111";"S00001";1
"G01112";"S00001";1
"G01113";"S00001";3
"G01114";"S00001";1
"G01115";"S00001";4
"G01116";"S00001";1
"G01117";"S00001";1
"G01118";"S00001";1
"G01119";"S00001";1
"G01120";"S00001";3
"G01121";"S00001";2
"G01122";"S00001";1
"G01123";"S00001";1
"G01124";"S00001";2
"G01125";"S00001";7
"G01126";"S00001";16
"G01127";"S00001";1
"G01128";"S00001";2
"G01129";"S00001";2
"G01130";"S00001";3
"G01131";"S00001";27
"G01132";"S00001";1
"G01133";"S00001";2
"G01134";"S00001";1
"G01135";"S00001";1
"G01136";"S00001";1
"G01137";"S00001";1
"G01138";"S00001";2
"G01139";"S00001";18
"G01140";"S00001";13
"G01141";"S00001";1
"G01142";"S00001";2
"G01143";"S00001";1
"G01144";"S00001";39
"G01145";"S00001";1
"G01146";"S00001";1
"G01147";"S00001";2
"G01148";"S00001";2
"G01149";"S00001";1
"G01150";"S00001";1
"G01151";"S00001";1
"G01152";"S00001";4
"G01153";"S00001";2
"G01154";"S00001";35
"G01155";"S00001";1
"G01156";"S00001";7
"G01157";"S00001";1
"G01158";"S00001";1
"G01159";"S00001";1
"G01160";"S00001";1
"G01161";"S00001";1
"G01162";"S00001";1
"G01163";"S00001";1
"G01164";"S00001";2
"G01165";"S00001";1
"G01166";"S00001";2
"G01167";"S00001";1
"G01168";"S00001";1
"G01169";"S00001";27
"G01170";"S00001";2
"G01171";"S00001";2
"G01172";"S00001";1
"G01173";"S00001";2
"G01174";"S00001";11
"G01175";"S00001";1
"G01176";"S00001";1
"G01177";"S00002";3
"G01178";"S00002";1
"G01179";"S00002";1
"G01180";"S00002";8
"G01181";"S00002";1
"G01182";"S00002";3
"G01183";"S00002";8
"G01184";"S00002";4
"G01185";"S00002";2
"G01186";"S00002";17
"G01187";"S00002";4
"G01188";"S00002";5
"G01189";"S00002";8
"G01190";"S00002";3
"G01191";"S00002";2
"G01192";"S00002";17
"G01193";"S00002";1
"G01194";"S00002";1
"G01195";"S00002";5
"G01196";"S00002";1
"G01197";"S00002";1
"G01198";"S00002";1
"G01199";"S00002";1
"G01200";"S00002";8
"G01201";"S00002";1
"G01202";"S00002";1
"G01203";"S00002";10
"G01204";"S00002";8
"G01205";"S00002";6
"G01206";"S00002";3
"G01207";"S00002";2
"G01208";"S00002";11
"G01209";"S00002";1
"G01210";"S00002";1
"G01211";"S00002";1
"G01212";"S00002";1
"G01213";"S00002";10
"G01214";"S00002";2
"G01215";"S00002";3
"G01216";"S00002";30
"G01217";"S00002";12
"G01218";"S00002";9
"G01219";"S00002";2
"G01220";"S00002";4
"G01221";"S00002";4
"G01222";"S00002";1
"G01223";"S00002";11
"G01224";"S00002";2
"G01225";"S00002";21
"G01226";"S00002";9
"G01227";"S00002";20
"G01228";"S00002";2
"G01229";"S00002";40
"G01230";"S00002";4
"G01231";"S00002";1
"G01232";"S00002";1
"G01233";"S00002";17
"G01234";"S00002";5
"G01235";"S00002";3
"G01236";"S00002";1
"G01237";"S00002";9
"G01238";"S00002";154
"G01239";"S00002";27
"G01240";"S00002";67
"G01241";"S00002";8
"G01242";"S00002";6
"G01243";"S00002";88
"G01244";"S00002";1
"G01245";"S00002";2
"G01246";"S00002";4
"G01247";"S00002";6
"G01248";"S00002";4
"G01249";"S00002";6
"G01250";"S00002";34
"G01251";"S00002";7
"G01252";"S00002";9
"G01253";"S00002";2
"G01254";"S00002";14
"G01255";"S00002";4
"G01256";"S00002";2
"G01257";"S00002";2
"G01258";"S00002";7
"G01259";"S00002";14
"G01260";"S00002";13
"G01261";"S00002";1
"G01262";"S00002";1
"G01263";"S00002";1
"G01264";"S00002";8
"G01265";"S00002";2
"G01266";"S00002";1
"G01267";"S00002";2
"G01268";"S00002";28
"G01269";"S00002";41
"G01270";"S00002";1
"G01271";"S00002";6
"G01272";"S00002";8
"G01273";"S00002";4
"G01274";"S00002";1
"G01275";"S00002";5
"G01276";"S00002";10
"G01277";"S00002";2
"G01278";"S00002";8
"G01279";"S00002";4
"G01280";"S00002";8
"G01281";"S00002";6
"G01282";"S00002";2
"G01283";"S00002";3
"G01284";"S00002";4
"G01285";"S00002";5
"G01286";"S00002";17
"G01287";"S00002";12
"G01288";"S00002";2
"G01289";"S00002";23
"G01290";"S00002";1
"G01291";"S00002";4
"G01292";"S00002";1
"G01293";"S00002";1
"G01294";"S00002";1
"G01295";"S00002";1
"G01296";"S00002";3
"G01297";"S00002";4
"G01298";"S00002";1
"G01299";"S00002";1
"G01300";"S00002";6
"G01301";"S00002";3
"G01302";"S00002";59
"G01303";"S00002";3
"G01304";"S00002";2
"G01305";"S00002";6
"G01306";"S00002";12
"G01307";"S00002";2
"G01308";"S00002";6
"G01309";"S00002";2
"G01310";"S00002";22
"G01311";"S00002";2
"G01312";"S00002";5
"G01313";"S00002";5
"G01314";"S00002";8
"G01315";"S00002";1
"G01316";"S00002";1
"G01317";"S00002";9
"G01318";"S00002";4
"G01319";"S00002";80
"G01320";"S00002";1
"G01321";"S00002";4
"G01322";"S00002";1
"G01323";"S00002";1
"G01324";"S00002";2
"G01325";"S00002";1
"G01326";"S00002";68
"G01327";"S00002";2
"G01328";"S00002";13
"G01329";"S00002";22
"G01330";"S00002";2
"G01331";"S00002";21
"G01332";"S00002";5
"G01333";"S00002";1
"G01334";"S00002";12
"G01335";"S00002";1
"G01336";"S00002";44
"G01337";"S00002";5
"G01338";"S00002";6
"G01339";"S00002";2
"G01340";"S00002";1
"G01341";"S00002";1
"G01342";"S00002";5
"G01343";"S00002";1
"G01344";"S00002";37
"G01345";"S00002";54
"G01346";"S00002";4
"G01347";"S00002";3
"G01348";"S00002";1
"G01349";"S00002";10
"G01350";"S00002";1
"G01351";"S00002";4
"G01352";"S00002";6
"G01353";"S00002";75
"G01354";"S00002";2
"G01355";"S00002";1
"G01356";"S00002";1
"G01357";"S00002";3
"G01358";"S00002";2
"G01359";"S00002";17
"G01360";"S00002";1
"G01361";"S00002";11
"G01362";"S00002";4
"G01363";"S00002";1
"G01364";"S00002";2
"G01365";"S00002";4
"G01366";"S00002";5
"G01367";"S00002";1
"G01368";"S00002";2
"G01369";"S00002";1
"G01370";"S00002";1
"G01371";"S00002";26
"G01372";"S00002";3
"G01373";"S00002";28
"G01374";"S00002";1
"G01375";"S00002";4
"G01376";"S00002";2
"G01377";"S00002";33
"G01378";"S00002";1
"G01379";"S00002";1
"G01380";"S00002";10
"G01381";"S00002";3
"G01382";"S00002";3
"G01383";"S00002";2
"G01384";"S00002";2
"G01385";"S00002";2
"G01386";"S00002";2
"G01387";"S00002";3
"G01388";"S00002";1
"G01389";"S00002";1
"G01390";"S00002";3
"G01391";"S00002";1
"G01392";"S00002";12
"G01393";"S00002";4
"G01394";"S00002";1
"G01395";"S00002";14
"G01396";"S00002";1
"G01397";"S00002";106
"G01398";"S00002";1
"G01399";"S00002";1
"G01400";"S00002";9
"G01401";"S00002";5
"G01402";"S00002";1
"G01403";"S00002";1
"G01404";"S00002";4
"G01405";"S00002";1
"G01406";"S00002";2
"G01407";"S00002";15
"G01408";"S00002";1
"G01409";"S00002";4
"G01410";"S00002";1
"G01411";"S00002";1
"G01412";"S00002";1
"G01413";"S00002";4
"G01414";"S00002";19
"G01415";"S00002";1
"G01416";"S00002";2
"G01417";"S00002";3
"G01418";"S00002";1
"G01419";"S00002";1
"G01420";"S00002";2
"G01421";"S00002";8
"G01422";"S00002";1
"G01423";"S00002";3
"G01424";"S00002";5
"G01425";"S00002";1
"G01426";"S00002";1
"G01427";"S00002";5
"G01428";"S00002";3
"G01429";"S00002";1
"G01430";"S00002";2
"G01431";"S00002";1
"G01432";"S00002";3
"G01433";"S00002";1
"G01434";"S00002";2
"G01435";"S00002";3
"G01436";"S00002";3
"G01437";"S00002";4
"G01438";"S00002";10
"G01439";"S00002";28
"G01440";"S00002";1
"G01441";"S00002";3
"G01442";"S00002";18
"G01443";"S00002";2
"G01444";"S00002";2
"G01445";"S00002";1
"G01446";"S00002";1
"G01447";"S00002";3
"G01448";"S00002";18
"G01449";"S00002";9
"G01450";"S00002";4
"G01451";"S00002";2
"G01452";"S00002";1
"G01453";"S00002";2
"G01454";"S00002";6
"G01455";"S00002";3
"G01456";"S00002";67
"G01457";"S00002";2
"G01458";"S00002";1
"G01459";"S00002";1
"G01460";"S00002";1
"G01461";"S00002";3
"G01462";"S00002";1
"G01463";"S00002";1
"G01464";"S00002";7
"G01465";"S00002";1
"G01466";"S00002";2
"G01467";"S00002";1
"G01468";"S00002";1
"G01469";"S00002";5
"G01470";"S00002";1
"G01471";"S00002";2
"G01472";"S00002";2
"G01473";"S00002";26
"G01474";"S00002";1
"G01475";"S00002";1
"G01476";"S00002";8
"G01477";"S00002";3
"G01478";"S00002";5
"G01479";"S00002";1
"G01480";"S00002";3
"G01481";"S00002";2
"G01482";"S00002";4
"G01483";"S00002";4
"G01484";"S00002";1
"G01485";"S00002";5
"G01486";"S00002";1
"G01487";"S00002";1
"G01488";"S00002";1
"G01489";"S00002";1
"G01490";"S00002";1
"G01491";"S00002";2
"G01492";"S00002";1
"G01493";"S00002";27
"G01494";"S00002";2
"G01495";"S00002";4
"G01496";"S00002";4
"G01497";"S00002";1
"G01498";"S00002";2
"G01499";"S00002";1
"G01500";"S00002";5
"G01501";"S00002";4
"G01502";"S00002";4
"G01503";"S00002";3
"G01504";"S00002";33
"G01505";"S00002";1
"G01506";"S00002";2
"G01507";"S00002";3
"G01508";"S00002";1
"G01509";"S00002";7
"G01510";"S00002";1
"G01512";"S00002";11
"G01513";"S00002";2
"G01514";"S00002";6
"G01515";"S00002";2
"G01517";"S00002";1
"G01518";"S00002";10
"G01519";"S00002";2
"G01520";"S00002";15
"G01521";"S00002";2
"G01522";"S00002";1
"G01523";"S00002";4
"G01524";"S00002";4
"G01525";"S00002";2
"G01526";"S00002";2
"G01527";"S00002";1
"G01528";"S00002";1
"G01529";"S00002";1
"G01530";"S00002";25
"G01531";"S00002";4
"G01532";"S00002";14
"G01533";"S00002";2
"G01534";"S00002";1
"G01535";"S00002";2
"G01536";"S00002";3
"G01537";"S00002";2
"G01538";"S00002";2
"G01539";"S00002";11
"G01540";"S00002";5
"G01541";"S00002";1
"G01542";"S00002";323
"G01543";"S00002";1
"G01544";"S00002";2
"G01545";"S00002";2
"G01546";"S00002";10
"G01547";"S00002";14
"G01548";"S00002";1
"G01549";"S00002";1
"G01550";"S00002";1
"G01551";"S00002";1
"G01552";"S00002";1
"G01553";"S00002";8
"G01554";"S00002";1
"G01555";"S00002";14
"G01556";"S00002";2
"G01557";"S00002";3
"G01558";"S00002";18
"G01559";"S00002";1
"G01560";"S00002";1
"G01561";"S00002";77
"G01562";"S00002";47
"G01563";"S00002";2
"G01564";"S00002";8
"G01565";"S00002";1
"G01566";"S00002";5
"G01567";"S00002";2
"G01568";"S00002";3
"G01569";"S00002";8
"G01570";"S00002";20
"G01571";"S00002";6
"G01572";"S00002";2
"G01573";"S00002";3
"G01574";"S00002";1
"G01575";"S00002";12
"G01576";"S00002";2
"G01577";"S00002";14
"G01578";"S00002";1
"G01579";"S00002";1
"G01580";"S00002";100
"G01581";"S00002";22
"G01582";"S00002";18
"G01583";"S00002";9
"G01584";"S00002";2
"G01585";"S00002";3
"G01586";"S00002";10
"G01587";"S00002";1
"G01588";"S00002";1
"G01589";"S00002";19
"G01590";"S00002";12
"G01591";"S00002";1
"G01592";"S00002";1
"G01593";"S00002";4
"G01594";"S00002";8
"G01595";"S00002";2
"G01596";"S00002";3
"G01597";"S00002";14
"G01598";"S00002";11
"G01599";"S00002";6
"G01600";"S00002";101
"G01601";"S00002";4
"G01602";"S00002";104
"G01603";"S00002";3
"G01604";"S00002";1
"G01605";"S00002";2
"G01606";"S00002";1
"G01607";"S00002";5
"G01608";"S00002";3
"G01609";"S00002";3
"G01610";"S00002";2
"G01611";"S00002";1
"G01612";"S00002";1
"G01613";"S00002";13
"G01614";"S00002";2
"G01615";"S00002";1
"G01616";"S00002";18
"G01617";"S00002";2
"G01618";"S00002";16
"G01619";"S00002";3
"G01620";"S00002";1
"G01621";"S00002";58
"G01622";"S00002";1
"G01623";"S00002";1
"G01624";"S00002";11
"G01625";"S00002";5
"G01626";"S00002";1
"G01627";"S00002";6
"G01628";"S00002";2
"G01629";"S00002";1
"G01630";"S00002";1
"G01631";"S00002";5
"G01632";"S00002";1
"G01633";"S00002";17
"G01634";"S00002";2
"G01635";"S00002";1
"G01636";"S00002";8
"G01637";"S00002";1
"G01638";"S00002";2
"G01639";"S00002";2
"G01640";"S00002";4
"G01641";"S00002";1
"G01642";"S00002";4
"G01643";"S00002";1
"G01644";"S00002";1
"G01645";"S00002";7
"G01646";"S00002";6
"G01647";"S00002";23
"G01648";"S00002";5
"G01649";"S00002";8
"G01650";"S00002";13
"G01651";"S00002";1
"G01652";"S00002";26
"G01653";"S00002";6
"G01654";"S00002";3
"G01655";"S00002";2
"G01656";"S00002";1
"G01657";"S00002";1
"G01658";"S00002";1
"G01659";"S00002";33
"G01660";"S00002";1
"G01661";"S00002";24
"G01662";"S00002";6
"G01663";"S00002";1
"G01664";"S00002";47
"G01665";"S00003";1
"G01666";"S00003";4
"G01667";"S00003";2
"G01668";"S00003";4
"G01669";"S00003";1
"G01670";"S00003";130
"G01671";"S00003";2118
"G01672";"S00003";5
"G01673";"S00003";3
"G01674";"S00003";2
"G01675";"S00003";1
"G01676";"S00003";18
"G01677";"S00003";1
"G01678";"S00003";2
"G01679";"S00003";1880
"G01680";"S00003";2
"G01681";"S00003";1
"G01682";"S00003";2
"G01683";"S00003";1
"G01684";"S00003";6
"G01685";"S00003";35
"G01686";"S00003";3
"G01687";"S00003";2
"G01688";"S00003";2
"G01689";"S00003";1
"G01690";"S00003";1
"G01691";"S00003";3
"G01692";"S00003";1
"G01693";"S00003";1
"G01694";"S00003";8
"G01695";"S00003";25
"G01696";"S00003";2
"G01697";"S00003";1
"G01698";"S00003";2
"G01699";"S00003";1
"G01700";"S00003";1
"G01701";"S00003";2
"G01702";"S00003";1
"G01703";"S00003";2
"G01704";"S00003";1
"G01705";"S00003";1
"G01706";"S00003";10
"G01707";"S00003";2
"G01708";"S00003";1
"G01709";"S00003";2
"G01710";"S00003";2
"G01711";"S00003";2
"G01712";"S00003";8
"G01713";"S00003";5
"G01714";"S00003";10
"G01715";"S00003";5
"G01716";"S00003";1
"G01717";"S00003";5
"G01718";"S00003";1
"G01719";"S00003";2
"G01720";"S00003";1
"G01721";"S00003";2
"G01722";"S00003";1
"G01723";"S00003";1
"G01724";"S00003";1
"G01725";"S00003";8
"G01726";"S00003";1
"G01727";"S00003";1
"G01728";"S00003";1
"G01729";"S00003";1
"G01730";"S00003";1
"G01731";"S00003";4
"G01732";"S00004";4
"G01733";"S00004";2
"G01734";"S00004";1
"G01735";"S00004";1
"G01736";"S00004";8
"G01737";"S00004";2
