G05727,쪽파,1700
G05728,쪽파(뿌리),2000
G05729,쪽파(토종),2000
G05730,찰녹미,6000
G05731,찰보리쌀,4000
G05732,찰수수,10000
G05733,찰옥수수(냉동),3300
G05734,찰현미,4000
G05735,찰홍미,6000
G05736,찰흑미,3500
G05737,참기름,21000
G05738,참깨,18000
G05739,참깨꼬소봉,2800
G05740,참깨드레싱,5800
G05741,참나물,2000
G05742,참송이버섯,9500
G05743,찹쌀,4000
G05744,찹쌀가루,5500
G05745,찹쌀가루(현미),5500
G05746,찹쌀떡,2000
G05747,찹쌀파이,1750
G05748,채식자장,6500
G05749,천년초열매분말,15000
G05750,천년초줄기분말,11000
G05751,천년초즙,5500
G05752,천문동(뿌리),9000
G05753,철쭉,2000
G05754,청경채,1000
G05755,청국장,10000
G05756,청국장가루,20000
G05757,청국장찌개,5000
G05758,청양고추,2000
G05759,청하국,3000
G05760,초석잠,6000
G05761,초석잠차,15000
G05762,초코쉬폰,3000
G05763,총각김치,4500
G05764,총각무(알타리무),5000
G05765,취나물,2500
G05766,취나물(노지),2500
G05767,취나물장아찌,4000
G05768,치자,3000
G05769,치즈베이글,1500
G05770,치즈빵,2000
G05771,치커리,1000
G05772,칡(갈근),8000
G05773,칡분말,13000
G05774,칡즙,31000
G05775,한우양지(국내산),8000
G05776,카네이션,2000
G05777,카드지갑,4500
G05778,카렌즈,3500
G05779,카스테라,1750
G05780,칼라,5000
G05781,칼랑코에,2500
G05782,케일,1000
G05783,케일(즙),1500
G05784,코와니,3000
G05785,코요테,3000
G05786,코코넛쿠키,3000
G05787,콜라비,2000
G05788,콩강정,7500
G05789,콩깨떡,12000
G05790,콩나물콩,10000
G05791,콩멥시루떡,1000
G05792,콩자반,3800
G05793,쿠페아,4000
G05794,크랜베리모닝빵,1300
G05795,테이프,300
G05796,토란,4000
G05797,토란대,3000
G05798,토마토,6500
G05799,토마토당근주스,2200
G05800,토마토쥬스,1900
G05801,통밀가루,3500
G05802,통밀건빵,2000
G05803,통밀국수,2700
G05804,통밀쌀,3300
G05805,통밀차,5000
G05806,튤립,2000
G05807,파김치,4500
G05808,파우치,6000
G05809,파채,1000
G05810,파프리카,1000
G05811,파프리카(바나나),3800
G05812,팔찌(구슬),2200
G05813,팥,10000
G05814,팥(검정),9000
G05815,팥(적),11000
G05816,팥가루(볶음),12000
G05817,팥시루떡,3400
G05818,팥찰시루떡,1100
G05819,팽이버섯,900
G05820,편강,20800
G05821,편강(대),24000
G05822,편강(소),5400
G05823,편강(중),15000
G05824,편백공예품,6000
G05825,편백나무도마,10000
G05826,편백나무목침,15500
G05827,편백나무베개볼,10000
G05828,편백나무보조목침,13000
G05829,편백나무볼베개,10000
G05830,편백나무주걱,5000
G05831,편백안마봉,12000
G05832,편백운동기구,15000
G05833,포기김치,7800
G05834,포도나무(거봉),5000
G05835,포장랩,15000
G05836,표고가루,7000
G05837,표고간장,8000
G05838,표고된장,13000
G05839,표고버섯(배지),1800
G05840,표고버섯(송화),3600
G05841,표고버섯(슬),2800
G05842,표고버섯(원목),9000
G05843,풋마늘,1000
G05844,풋마늘장아찌,4000
G05845,풋호박,1500
G05846,프리저브드꽃다발,13000
G05847,프리저브드플라워,5000
G05848,프리지아,2500
G05849,피자빵,1250
G05850,할미꽃,10000
G05851,항암쌈채,1200
G05852,해물라면,1600
G05853,해피블루,2000
G05854,해피엔젤,12000
G05855,향찰현미,13500
G05856,허브,2000
G05857,허브(라벤다),3000
G05858,허브(로즈마리),2000
G05859,허브(애플민트),2000
G05860,허브차(라벤더),15000
G05861,허브차(레몬밤),9500
G05862,허브차(로즈마리),12000
G05863,허브차(박하),9500
G05864,허브차(캐모마일),12000
G05865,허브차(페퍼민트),9500
G05866,헛개나무,3000
G05867,헛개나무(열매),4500
G05868,헛개열매즙,10000
G05869,헤이즐넛,13500
G05870,현미,5000
G05871,현미(왕눈이),4500
G05872,현미가래떡,3500
G05873,현미강정,6500
G05874,현미과자,2000
G05875,현미깡,2250
G05876,현미누룽지,8500
G05877,현미누룽지차,3900
G05878,현미두부과자,4000
G05879,현미미숫가루,13000
G05880,현미바,10000
G05881,현미시리얼,9900
G05882,현미채식면,1500
G05883,호두,10000
G05884,호두쉬폰,3000
G05885,호두쿠키,3000
G05886,호두크랜베리빵,3000
G05887,호밀빵,2000
G05888,호박고지,2000
G05889,호박고지(늙은호박),2500
G05890,호박고지(단호박),2500
G05891,호박씨,4000
G05892,호박즙,4500
G05893,혼합5곡,15000
G05894,홍미,6000
G05895,홍화씨,8000
G05896,화살나무,4000
G05897,화살나무순,1200
G05898,화훼,2000
G05899,황기,5500
G05900,흑마늘대추즙,8000
G05901,흑미설기,800
G05902,흑보리,6000
G05903,흑임자,9200
G05904,흑임자죽가루,15000
G05905,흑토마토,8000
G05906,흰두부,3500
G05907,흰찰쌀보리,3500
G05908,히야신스,2500
G05909,가래떡,400
G05910,가시오가피,3700
G05911,가시오가피(잎),2000
G05912,가죽나물,3500
G05913,가지,2000
G05914,간장(국),6000
G05915,감말랭이,5000
G05916,감식초(복분자),9200
G05917,감식초(오미자),9200
G05918,감자,1200
G05919,감자(새봉),2000
G05920,감자(수미),1000
G05921,감자전분,7500
G05922,갓,500
G05923,갓(돌산),1300
G05924,갓(솎음),1800
G05925,갓(청),1500
G05926,강낭콩,16000
G05927,강황분말,14000
G05928,거베라,4000
G05929,거북이빵,2000
G05930,건가지,2000
G05931,건고구마줄기,3000
G05932,건고사리,9000
G05933,건고추,30000
G05934,건고추(청양),15000
G05935,건고춧잎,2500
G05936,건곤드레,3000
G05937,건곰보배추,10000
G05938,건구기자,8000
G05939,건구아바잎,9000
G05940,건노루궁뎅이버섯,20000
G05941,건당근,2800
G05942,건대추,5000
G05943,건대추(채),5000
G05944,건도라지,6000
G05945,건돼지감자,3000
G05946,건돼지감자(자색),6000
G05947,건딸기,2500
G05948,건모과,5000
G05949,건블루베리,8000
G05950,건비트,3500
G05951,건쇠무릎,5000
G05952,건쑥,4000
G05953,건아로니아,3000
G05954,건어성초,4000
G05955,건연근,3000
G05956,건오미자,13000
G05957,건우엉,2500
G05958,건인삼,19000
G05959,건자소엽,7000
G05960,건작두콩,7000
G05961,건장녹나물,2500
G05962,건참송이버섯,13000
G05963,건취나물,5000
G05964,건칡,4000
G05965,건토란대,2000
G05966,건표고버섯,5000
G05967,건표고버섯(배지),11000
G05968,건표고버섯(슬),5000
G05969,건표고버섯(원목),4500
G05970,건표고버섯(원목-슬),4500
G05971,건표고버섯밑동,3500
G05972,검은콩자반김,1600
G05973,검정콩미숫가루,12000
G05974,겨우살이,20000
G05975,겨우살이차,14000
G05976,겨자채,1000
G05977,겨자채(적),1000
G05978,겨자채(청),1000
G05979,결명자,9000
G05980,결명자차,8000
G05981,고구마(꿀),3000
G05982,고구마(달달구리),3000
G05983,고구마(호박),3000
G05984,고구마순,1200
G05985,고구마줄기,3000
G05986,고들빼기,1000
G05987,고들빼기김치,8900
G05988,고사리,2000
G05989,고수,1000
G05990,고추장,20000
G05991,고추장매실장아찌,9500
G05992,고추장아찌,3500
G05993,고춧가루(매운맛),13000
G05994,고춧가루(보통맛),17000
G05995,고춧잎,2000
G05996,곰돌이,1350
G05997,곰보배추,2000
G05998,곰보배추분말,15000
G05999,곰보배추즙,6000
G06000,곰취,1000
G06001,곰취장아찌,6600
G06002,공조팝,10000
G06003,곶감,4500
G06004,과일무차,8000
G06005,과즐,10000
G06006,관엽,2000
G06007,구기자순,1000
G06008,구기자진액,15000
G06009,구절초꽃차,8000
G06010,국화,4000
G06011,국화차,5000
G06012,귀리,6000
G06013,귀리곡물선식,12000
G06014,귀리볶음가루,9000
G06015,근대,1000
G06016,근대(적),1000
G06017,근대(청),1200
G06018,금어초,3500
G06019,김부각,10000
G06020,김부각(새우),10600
G06021,김부각(양파),2500
G06022,깍두기,3500
G06023,깐늙은호박,3000
G06024,깐다슬기(냉동),15000
G06025,깐단호박,4500
G06026,깐더덕,6000
G06027,깐도라지,1500
G06028,깐마늘,2000
G06029,깐생강,10000
G06030,깐생강(토종),12000
G06031,깐양파,1000
G06032,깐옥수수알,7000
G06033,깐은행,5000
G06034,깐쪽파,600
G06035,깐토란,2200
G06036,깨소금,7800
G06037,깻잎,1000
G06038,깻잎순,750
G06039,깻잎장아찌,4000
G06040,꽃피는산골된장,15000
G06041,꽃피는산골조선간장,9800
G06042,꽃피는산골찹쌀고추장,16500
G06043,꽈리고추,1800
G06044,꾸지뽕,2500
G06045,꾸지뽕(야생),9000
G06046,꾸지뽕(열매),4500
G06047,꿀(때죽),10000
G06048,꿀(밤),20000
G06049,꿀(아카시아),20000
G06050,꿀(잡화),18000
G06051,꿀떡,500
G06052,냉동블루베리,6000
G06053,냉이,1500
G06054,냉이(노지),1500
G06055,노루궁뎅이녹각영지버섯즙,9800
G06056,노루궁뎅이버섯분말,20000
G06057,녹각영지버섯,15000
G06058,녹두,14000
G06059,논우렁,3300
G06060,논우렁(냉동),3500
G06061,농부식빵,1800
G06062,눈개승마(삼나물),4000
G06063,느릅나무,2500
G06064,느릅나무(뿌리),6000
G06065,느타리버섯,3000
G06066,늘보리쌀,5000
G06067,늙은호박,3500
G06068,늙은호박팥차,11000
G06069,다래순,2500
G06070,대파,900
G06071,대파(노지),1000
G06072,대파(토종),700
G06073,더덕,5000
G06074,데친고사리,2800
G06075,데친시래기,1500
G06076,데친우거지,1500
G06077,데친토란대,4000
G06078,델피니움,5000
G06079,도라지,2000
G06080,도라지분말,15000
G06081,도라지조청,75000
G06082,도라지진액,25000
G06083,돌나물,500
G06084,돌미나리,650
G06085,동부콩,10000
G06086,동부콩(검),3000
G06087,돼지감자,2000
G06088,돼지감자(적),2500
G06089,돼지감자분말,7500
G06090,된장,15000
G06091,된장(찹쌀),15000
G06092,두릅(나무),3000
G06093,두릅(땅),5000
G06094,두릅장아찌,7000
G06095,두메부추,1200
G06096,두부,2000
G06097,두부스낵,3500
G06098,둥굴레,10000
G06099,들기름,13000
G06100,들깨,13000
G06101,들깨가루,13000
G06102,들깨강정,8500
G06103,들깨드레싱,4900
G06104,딸기,1500
G06105,딸기꿀떡,3000
G06106,딸기잼,3000
G06107,땅콩,16000
G06108,때타올(인견),1900
G06109,떡갈비(매콤한맛),2900
G06110,떡국떡,6000
G06111,떡볶이떡,6000
G06112,떡쌀뻥튀기,3000
G06113,라면과자,1450
G06114,라일락,3000
G06115,러스크,2000
G06116,레드치커리,1000
G06117,롤케익,2000
G06118,리본악세사리,1500
G06119,리시안셔스,4500
G06120,마(둥근),8000
G06121,마가목,2000
G06122,마늘,4000
G06123,마늘바게트,3500
G06124,마늘소금,8200
G06125,마늘장아찌,3000
G06126,마늘종,2000
G06127,마더스콘,3500
G06128,마스크,5000
G06129,마스크(아동용),5000
G06130,만가닥버섯,1000
G06131,만리향,10000
G06132,맘모스빵,2000
G06133,매생이두부,3500
G06134,매실장아찌,6000
G06135,매실진액,17000
G06136,맹감나무뿌리,5000
G06137,머위,1000
G06138,머위(노지),1200
G06139,머위(산),1500
G06140,머윗대,1800
G06141,메론,7000
G06142,메밀순,1800
G06143,메주,22000
G06144,메주가루,25000
G06145,메추리알,1250
G06146,명이나물,2200
G06147,명이나물장아찌,7600
G06148,명자나무,12000
G06149,모닝빵,3600
G06150,모찌식빵,3000
G06151,모카번,1000
G06152,모카빵,2000
G06153,목이버섯,3000
G06154,무,1000
G06155,무,3000
G06156,무,3200
G06157,무(솎음),1500
G06158,무(초록),2000
G06159,무말랭이,2000
G06160,무말랭이무침,6500
G06161,무시래기,2500
G06162,다발무,5000
G06163,다육,1000
G06164,다육(염좌),2000
G06165,다진마늘,3500
G06166,다진생강,7000
G06167,단무지,3000
G06168,단팥빵,750
G06169,단호박,3500
G06170,단호박가래떡,190000
G06171,단호박거피팥떡,1000
G06172,단호박미숫가루,8500
G06173,단호박분말,13000
G06174,단호박샤브레,1800
G06175,단호박설기,5000
G06176,단호박설기(하트),800
G06177,단호박식혜,5000
G06178,단호박영양찰떡,1100
G06179,단호박영양찰밥,900
G06180,단호박찹쌀도넛,4200
G06181,단호박콩깨시루떡,1000
G06182,단호박호두설기떡,1800
G06183,달래,2000
G06184,달래(노지),1000
G06185,닭가슴살,6000
G06186,당귀잎,1500
G06187,당근,1600
G06188,당근차,9000
G06189,당조고추,1800
G06190,대추,3500
G06191,대추도라지즙,6500
G06192,대추인삼즙,6500
G06193,대추토마토,6000
G06194,무시래기우엉모둠,10000
G06195,무우비트차,6500
G06196,무우장아찌,3500
G06197,무우차,8000
G06198,무지개떡,500
G06199,무청,1800
G06200,무화과잼,7800
G06201,무화과통밀빵,3000
G06202,문그로우,30000
G06203,미나리,1400
G06204,미나리즙,4000
G06205,미숫가루,11000
G06206,민들레,2000
G06207,민들레(흰),1500
G06208,바게트,2150
G06209,바람떡,1500
G06210,바지락된장찌개,5000
G06211,발아현미,4200
G06212,발효콩,10000
G06213,방울증편,1800
G06214,방울증편(흑미),3800
G06215,방풍나물,700
G06216,방풍나물장아찌,6600
G06217,배,5000
G06218,배추,2500
G06219,배추(경종),1500
G06220,배추(봄동),2500
G06221,배추(뿌리),2500
G06222,배추(솎음),1000
G06223,배추(얼갈이),1500
G06224,배추(토종),1500
G06225,배추김치,4000
G06226,배피떡,3200
G06227,백미,31000
G06228,백밀국수,2700
G06229,백연근차,15000
G06230,백태,6500
G06231,백태볶음가루,3600
G06232,백합,4000
G06233,벌화분,40000
G06234,보리싹(순),3000
G06235,보리차,7000
G06236,복숭아잼,5900
G06237,복숭아즙,1900
G06238,볶은개척1호콩,15000
G06239,볶은깨(참깨),8000
G06240,볶은땅콩,7500
G06241,볶은진양.개척콩,19000
G06242,볶은흑임자,8000
G06243,볶음귀리,10000
G06244,봉함기테이프,300
G06245,부지갱이,2000
G06246,부추,800
G06247,불미나리,1500
G06248,브로콜리,1500
G06249,브로콜리분말,12000
G06250,블랙베리진액,10000
G06251,블랙보리차,6500
G06252,블랙푸드선식,21000
G06253,블랙푸드현미미숫가루,14000
G06254,블루베리,14000
G06255,블루베리드레싱,5400
G06256,블루베리빵,1750
G06257,블루베리삼곡팝,3000
G06258,블루베리잎차,1800
G06259,블루베리잼,9800
G06260,블루베리즙,11200
G06261,블루애로우,30000
G06262,비수리(야관문),4000
G06263,비트,1000
G06264,비트(잎),1000
G06265,비트가루,8000
G06266,비트차,9800
G06267,빵끈,1500
G06268,사과,4500
G06269,사과(부사),4500
G06270,사철나무,5000
G06271,산국꽃차,5500
G06272,산청목,10000
G06273,삼잎국화나물,2500
G06274,삼채,3500
G06275,삼채(뿌리),3500
G06276,상지수,1500
G06277,상추,500
G06278,상추(꽃),700
G06279,상추(로메인),1000
G06280,상추(버터헤드),1500
G06281,상추(샐러드),800
G06282,상추(솎음),800
G06283,상추(아삭이),1800
G06284,상추(적),500
G06285,상추(청),500
G06286,새송이버섯,2000
G06287,새싹인삼,3500
G06288,새싹쿠키,5000
G06289,샐러드,2500
G06290,샐러리,750
G06291,생강,10000
G06292,생강(토종),13000
G06293,생강가루,10000
G06294,생강농축액,10000
G06295,생강마들렌,1000
G06296,생강식혜,3000
G06297,생강진액,10000
G06298,생분해성봉투,150
G06299,생콩가루,8200
G06300,생크림소보루빵,1000
G06301,서리태,10000
G06302,서리태볶음가루,3900
G06303,서리태뻥튀기,4800
G06304,서목태,9900
G06305,석류나무,6000
G06306,선비콩,12000
G06307,설기샌드,1100
G06308,섬초,1500
G06309,소보루빵,750
G06310,소창면포,2500
G06311,소창육수주머니,5000
G06312,소창행주,2500
G06313,소포1(방담)(무),3000
G06314,소포1(방담)(타),3000
G06315,소포2,2000
G06316,소포3,3000
G06317,소포4(방담),4500
G06318,소포5(방담),6000
G06319,소포6,4500
G06320,소포7(방담),4600
G06321,소포8,5000
G06322,소포9,5000
G06323,소합1,3800
G06324,솎음무,3000
G06325,송엽국,2500
G06326,쇠머리찰떡,1100
G06327,수국,2000
G06328,수박,9000
G06329,수세미(망사),2800
G06330,수세미진액,15000
G06331,수수,10000
G06332,수정과,4600
G06333,수제떡갈비,2900
G06334,수제편강,5500
G06335,순두부,2000
G06336,순두부찌개,5500
G06337,슈크림빵,750
G06338,스카프,3400
G06339,스카프(아동용),3500
G06340,스타티스,5000
G06341,시금치,500
G06342,시금치(노지),1000
G06343,시금치(섬초),1500
G06344,시금치분말,8900
G06345,시금치치아바타,2500
G06346,시넨시스,5000
G06347,시몬카스테라,3750
G06348,식빵(바이킹),2250
G06349,식빵(쌀),2900
G06350,식빵(야채),2500
G06351,식빵(통밀),2250
G06352,식빵피자빵,1750
G06353,식초(감),35000
G06354,식혜,5000
G06355,신선초,2000
G06356,실파,1000
G06357,쌀과자,2000
G06358,쌀라면,1550
G06359,쌀로빚은채식라면,1750
G06360,쌀크림빵,900
G06361,쌀튀밥,3000
G06362,쌈무,2000
G06363,쌈배추,2500
G06364,쌈장,4000
G06365,쌈채소,1500
G06366,쌈채소(5종),1300
G06367,쌈채소(7종),2000
G06368,쑥,2000
G06369,쑥가래떡,2800
G06370,쑥갓,1000
G06371,쑥개떡,1400
G06372,쑥담은두부과자,3500
G06373,쑥떡,3500
G06374,쑥미숫가루,13000
G06375,쑥부쟁이,2000
G06376,쑥인절미,1400
G06377,쑥절편,1400
G06378,씀바귀,1500
G06379,아동악세사리(구슬),6000
G06380,아로니아,6000
G06381,아로니아분말,12000
G06382,아로니아블루베리즙,7500
G06383,아로니아수,1800
G06384,아로니아즙,5000
G06385,아로니아환,25000
G06386,아마란스분말,13000
G06387,아삭이고추,650
G06388,아스파라거스,3000
G06389,아스파라거스수,1500
G06390,아스파라거스즙,4500
G06391,아욱,1200
G06392,아이비,2000
G06393,아주까리(잎),2000
G06394,아주까리콩,12000
G06395,앙팡,1000
G06396,애니시다,10000
G06397,애호박,600
G06398,약식,2000
G06399,약식(단호박),1000
G06400,약쑥,3000
G06401,약콩청국장분말,24000
G06402,양배추,3000
G06403,양배추분말,8800
G06404,양배추즙,3500
G06405,양상추,2000
G06406,양파,1000
G06407,양파(잎),2500
G06408,양파드레싱,4600
G06409,양파즙,2500
G06410,어삼수,1500
G06411,얼음동동식혜,5000
G06412,엄나무,2500
G06413,엄나무순,1500
G06414,엉겅퀴즙,5500
G06415,엔젤쉬폰,5000
G06416,여주분말,12000
G06417,여주즙,3800
G06418,여주환,34000
G06419,연근,8000
G06420,연근(슬라이스),6000
G06421,연근부각,9000
G06422,연근조림,5000
G06423,연근차,8000
G06424,연김부각,9000
G06425,열매치자,7000
G06426,열무,1500
G06427,열무(솎음),1500
G06428,열무김치,8800
G06429,엿기름,7800
G06430,영양부추,2000
G06431,오가피,2000
G06432,오가피(열매),7000
G06433,오가피순,1500
G06434,오리주물럭,12000
G06435,오리훈제(국내산),7300
G06436,오미자진액,27000
G06437,오이(백다다기),1300
G06438,오이(취청),1400
G06439,오이고추,1400
G06440,오이소박이,8900
G06441,옥보차,7000
G06442,옥수수(냉동),3300
G06443,옥수수(팝콘),3500
G06444,옥수수수염,3000
G06445,옥수수알,4000
G06446,옥수수차,6000
G06447,옻나무,3000
G06448,옻나무순,5000
G06449,와송분말,20000
G06450,와송즙,7500
G06451,와송진액,22000
G06452,왁스플라워,3000
G06453,완두콩,4500
G06454,요거트,4000
G06455,우리단호박두부과자,4900
G06456,우리밀감자라면,1550
G06457,우리밀김센베,6000
G06458,우리밀김치라면,1600
G06459,우리밀꽈배기과자,3500
G06460,우리밀땅콩센베,6000
G06461,우리밀리얼버터빵,700
G06462,우리밀보리술찐빵,3000
G06463,우리밀생강센베,6000
G06464,우리밀술찐빵,3500
G06465,우리밀쌀식빵,2500
G06466,우리밀찐빵,4800
G06467,우리밀콩두부과자,5600
G06468,우리밀쿠키,3500
G06469,우리밀크래커,2000
G06470,우리밀호두파이,5000
G06471,우리찹쌀팥도넛,2200
G06472,우리콩순두부,2200
G06473,우슬뿌리,3000
G06474,우슬즙,7500
G06475,우엉,8000
G06476,우엉(채),5000
G06477,우엉차,13000
G06478,우유,3300
G06479,우유크림빵,2000
G06480,울금,10000
G06481,울금분말,12000
G06482,워터코인,2500
G06483,원추리,1500
G06484,유과,5000
G06485,유월설,4000
G06486,유자크럼블,1000
G06487,유정란(대란),7000
G06488,유정란(왕란),7500
G06489,유정란(초란),5000
G06490,유정란(특란),7500
G06491,유채나물,1500
G06492,유칼립투스,7000
G06493,율마,5000
G06494,율무,15000
G06495,은방울수선,3000
G06496,은행,4000
G06497,이사도라,2500
G06498,이스라지,20000
G06499,인삼,6000
G06500,인삼(세근),5000
G06501,인절미,2800
G06502,일반9분도미,16500
G06503,일반계육(육계) 통,6000
G06504,일반계육(절단),6000
G06505,일반닭(국내산),10500
G06506,일지매,5000
G06507,잎새절편,2300
G06508,자반김,2000
G06509,자색양파즙,2500
G06510,자장라면,1900
G06511,작두콩,8000
G06512,작두콩(껍질),8000
G06513,작두콩차,10000
G06514,잔대순,3000
G06515,장미,6000
G06516,장미허브,2000
G06517,쟈스민,2500
G06518,쟈스민(학),3000
G06519,적돼지감자차,9500
G06520,적양배추차,9000
G06521,적환무,2300
G06522,접란,4000
G06523,제라늄,2000
G06524,조랭이떡,6000
G06525,조미김,1200
G06526,조미김(도시락),2000
G06527,조선간장,9500
G06528,종량제 공동 20L,460
G06529,종량제봉투20L,460
G06530,중파,1000
G06531,쥬키니호박,900
G06532,짬뽕라면,7000
G06533,참비름나물,1400
G06534,찹쌀꽈베기,1650
G06535,천년초열매즙,33000
G06536,천년초줄기진액,15000
G06537,체리세이지,4000
G06538,치커리(적),1000
G06539,카라향,14000
G06540,케일(솎음),1200
G06541,콜리플라워,2000
G06542,표고버섯(배지-슬),2300
G06543,표고버섯(원목-슬),2500
G06544,풋고추,1300
G06545,한우부채살(국내산),28750
G06546,한우사태(국내산),14810
G06547,한우살치살(국내산),26240
G06548,한우안심(국내산),100000
G06549,한우앞다리(국내산),22170
G06550,한우업진살(국내산),22540
G06551,한우육사시미(국내산),11760
G06552,한우잡뼈(국내산),3580
G06553,한우장조림(국내산),14350
G06554,한우제비추리(국내산),21580
G06555,한우차돌백이(국내산),7000
G06556,한우채끝(국내산),23460
G06557,한우치맛살(국내산),31460
G06558,한우홍두깨(국내산),27970
G06559,허브차(스테비아),9500
G06560,황금사철,2000
G06561,가시오갈피진액,20000
G06562,가죽나무순,3000
G06563,한우등심(국내산),13500
G06564,한우목심(국내산),15500
G06565,개복숭아진액,12000
G06566,건목이버섯,9500
G06567,건뽕잎,2500
G06568,건사과,5000
G06569,건삼잎국화나물,3000
G06570,건엉겅퀴,4500
G06571,건풍년초,2000
G06572,곶감(대봉),9000
G06573,깐강낭콩,8000
G06574,깐땅콩,16000
G06575,깐완두콩,2000
G06576,깐완두콩(토종),2000
G06577,꼬꼬마양배추,1600
G06578,꽃치자,2500
G06579,꾸지뽕잼,10000
G06580,꾸지뽕진액,17000
G06581,나무공예품,5000
G06582,냉동딸기,5000
G06583,노루궁뎅이버섯,5500
G06584,단９悶돗瓔鞋,900
G06585,대추생강즙,6500
G06586,더덕순,1000
G06587,데친머위,4000
G06588,데친머위대,3000
G06589,데친죽순,1700
G06590,란타나,20000
G06591,마늘종장아찌,3000
G06592,매실,10000
G06593,매실오갈피진액,20000
G06594,매콤우리밀두부꽈배기,4000
G06595,모링가분말,15000
G06596,모링가환,23000
G06597,모시왕송편,3000
G06598,무(자색),1000
G06599,무시래기(애기),2000
G06600,민물새우(냉동),15000
G06601,방울토마토,5000
G06602,방울토마토(흑),6500
G06603,버터롤,2000
G06604,복분자진액,17000
G06605,볶은진양콩,18000
G06606,봉함기,18000
G06607,부추가루,5000
G06608,부추진액,10000
G06609,블루베리묘목,5000
G06610,블루베리진액,17000
G06611,비타민(다채),1000
G06612,비트미숫가루,8500
G06613,뽕나무(산뽕뿌리),7000
G06614,상품권,50000
G06615,생강(토종)종자,3500
G06616,소국,5000
G06617,소합2,10400
G06618,솔잎순,5000
G06619,쇠비름나물,1500
G06620,쇠비름진액,10000
G06621,수세미도라지생강진액,13000
G06622,스토크,3000
G06623,식빵(밤),2500
G06624,쑥쥐눈이콩미숫가루,8500
G06625,아답터,10000
G06626,아로니아진액,14300
G06627,아스파라거스(화이트),3500
G06628,알리움,4000
G06629,앵두,4500
G06630,야생쑥진액,17000
G06631,양배추(적),1200
G06632,양파(자색),2800
G06633,양파진액,9000
G06634,엑셀사,30000
G06635,오디진액,16000
G06636,오이,1000
G06637,오이(노각),2000
G06638,오이(피클),1000
G06639,옥수수,4000
G06640,옥수수(백초당),2000
G06641,완두콩(토종),2000
G06642,왕고들빼기,2300
G06643,울금가루,14000
G06644,작약꽃,7000
G06645,전자저울 20kg,90000
G06646,종량제 단독 10L,230
G06647,종량제 완주 20L,350
G06648,죽순,2600
G06649,쥬키니호박(황금),2500
G06650,천년꽃벵이즙,12000
G06651,콩물,3500
G06652,페피노멜론,20000
G06653,편백나무(가지),3000
G06654,포도(청),3800
G06655,포도(킹데라),5500
G06656,한우갈비(국내산),51520
G06657,한우꼬리(국내산),50000
G06658,한우사골(국내산),19230
G06659,한우스지(국내산),17010
G06660,유기농치즈(숙성),32000
G06661,유리호프스,4000
G06662,유자마들렌,2000
G06663,율무깡,3000
G06664,자두,3500
G06665,전자저울,28000
G06666,간장,12000
G06667,감,3000
G06668,감(대봉),13000
G06669,감(연시),5500
G06670,감(홍시),1100
G06671,감국,5000
G06672,곶감(고종시),4000
G06673,곶감(숙성),7000
G06674,곶감(월하시),33000
G06675,구절초꽃잎,5000
G06676,기름세트,28000
G06677,김부각(선물세트),20000
G06678,깐밤,6500
G06679,오이(가시),3000
G06680,올리브치아바타,2500
G06681,와송울금조청,20000
G06682,요쿠르트카스테라,2250
G06683,꾸지뽕열매즙,6000
G06684,넝쿨콩,10000
G06685,녹미,6000
G06686,녹차카스테라,3500
G06687,단감,6000
G06688,단호박(미니),1000
G06689,단호박팥멥시루떡,500
G06690,당근(자색),1000
G06691,당근(칼라),1000
G06692,당근(토종),800
G06693,대추고,12000
G06694,대파(빨간),1000
G06695,대파(손질),1000
G06696,데친가지,4000
G06697,데친고구마줄기,3000
G06698,데친깻잎순,2000
G06699,데친취나물,3000
G06700,데친호박고지,4000
G06701,동치미,12000
G06702,돼지감자즙,4500
G06703,레드향,32000
G06704,마,7000
G06705,마(산마),5000
G06706,머위즙,5500
G06707,메밀,12000
G06708,멜라초,3000
G06709,모과,1500
G06710,무(홍무),1000
G06711,무화과즙,28000
G06712,미소맛쌀선물세트,22000
G06713,반건시,6000
G06714,발효간장갈비소스,5600
G06715,발효맛간장,5600
G06716,밤,4500
G06717,밤콩,11000
G06718,방울양배추,2000
G06719,배송비,4000
G06720,배즙,3300
G06721,배추(항암),1200
G06722,보리보리,3000
G06723,부스개,22000
G06724,색떡국,10000
G06725,생강진액(선물세트),24000
G06726,선물세트(곡류5종),17000
G06727,선물세트(귀리),19000
G06728,수제떡갈비선물세트,33000
G06729,쌀강정,20000
G06730,쌈배추(적),1300
G06731,쌈배추(항암),1500
G06732,쓰레기봉투,460
G06733,아마란스,14000
G06734,아주까리,2000
G06735,알로에,6000
G06736,여주,6000
G06737,여주차,8000
G06738,열쇠고리,4000
G06739,오디,4000
G06740,오색떡국,8000
G06741,오이장아찌,4000
G06742,블루베리잼(선물세트),25000
G06743,뻥튀기(설기떡),3000
G06744,산세베리아,5000
G06745,삼채즙,6500
G06746,절편,5500
G06747,조미김세트,12000
G06748,진액세트(생강.청귤.오미자),24000
G06749,천년초,8000
G06750,천리향,6000
G06751,천연비누(라벤더),4000
G06752,천연비누(민트),4000
G06753,천연비누(어성초),3000
G06754,천연비누(편백),4000
G06755,천혜향,8000
G06756,청차조,9000
G06757,콩시루떡,11000
G06758,콩인절미,500
G06759,콩편,11000
G06760,탐라향,9800
G06761,탑사철,4000
G06762,편강(선물세트),25000
G06763,편강.진액세트,28000
G06764,표고버섯(백화),100000
G06765,표고버섯(흑화),55000
G06766,풍년초,2000
G06767,피망,2400
G06768,피칸,12000
G06769,한라봉,8000
G06770,허브(캔들프랜드),2000
G06771,호랑이콩,2500
G06772,호박잎,2000
G06773,호박잎순,2000
G06774,홍고추,1800
G06775,흰민들레즙,6400
G06776,감자(인디언),10000
G06777,감자(자색),2000
G06778,감초,11000
G06779,갓(적),1500
G06780,건고구마순,2500
G06781,건금화규꽃,8000
G06782,건망초대,5000
G06783,건밤,3500
G06784,건살구,2500
G06785,건수세미,4000
G06786,건아주까리(피마자),4000
G06787,건아주까리잎,4000
G06788,건여주,2000
G06789,건완두콩,5500
G06790,경수채,1000
G06791,고구마,1500
G06792,고구마(밤),2200
G06793,고구마(자색),2500
G06794,고로쇠수액,5000
G06795,곡류5종,28000
G06796,곰보배추간장장아찌,15000
G06797,곱슬버들,5000
G06798,구절초즙,7500
G06799,깐동부콩,2500
G06800,깐마늘(토종),2000
G06801,꽃케일,1000
G06802,데친고구마순,2000
G06803,데친고비,3000
G06804,데친골단초,5000
G06805,데친아주까리,3500
G06806,마(열매),5000
G06807,마늘(토종),2000
G06808,당근(노란),1000
G06809,불린강낭콩,3000
G06810,세트포장,4000
G06811,소창육痴寧鍛,5000
G06812,櫓♣갸痴寧鍛,10000
G06813,송담,3500
G06814,송편,1650
G06815,수선화,3000
G06816,스투키,9000
G06817,식초(삼백초),11000
G06818,쌈추,1000
G06819,연밥,3000
G06820,영양찰밥,12000
G06821,울타리콩,5000
G06822,종량제 공동 10L,230
G06823,찰밥,10000
G06824,풋단호박,1000
G06825,호박,4000
G06826,건꾸지뽕(열매),5000
G06827,건민들레,2500
G06828,건탱자,6000
G06829,고추냉이(와사비),3000
G06830,덩굴장미,7000
G06831,무스카리,2500
G06832,밤호박,3000
G06833,비닐접착기,53000
G06834,아이리스,5000
G06835,양배추(녹즙용),1200
G06836,건표고버섯(백화),60000
G06837,건표고버섯(흑화),48000
G06838,곰보배추즙(박스),42000
G06839,공주와피노키오과즐,3500
G06840,남천나무,12000
G06841,데친고춧잎,4000
G06842,딸기설기(하트),1000
G06843,루엘리아,6000
G06844,리아트리스,3500
G06845,리틀자이언트,29000
G06846,한우우족(국내산),35000
G06847,홍감자,2000
G06848,가지고추,2000
G06849,개복숭아,5000
G06850,건깻잎,1000
G06851,고춧잎(청양),1500
G06852,공심채,1000
G06853,弼,7500
G06854,금사철,2000
G06855,깐고구마순(줄기),3000
G06856,깐고구마줄기,2000
G06857,깻잎김치,4500
G06858,무화과,7500
G06859,밤카스테라,2250
G06860,베고니아,5000
G06861,보리수,2500
G06862,복분자,4500
G06863,복숭아,12000
G06864,복숭아(백도),9000
G06865,복숭아(천도),8000
G06866,복숭아(황도),12000
G06867,블루버드,5000
G06868,비파,8000
G06869,산딸기,5000
G06870,살구,6000
G06871,스노우화이트,5000
G06872,식빵(옥수수),5000
G06873,식초(막걸리),9000
G06874,아스틸베,4000
G06875,안개꽃,3000
G06876,양배추(채),2000
G06877,양상추,1500
G06878,엑설런트포인트,5000
G06879,옥수수빵,1750
G06880,제비콩,3000
G06881,찰보리빵,3000
G06882,찰옥수수,6500
G06883,찰옥수수(대학),6000
G06884,찰옥수수(흑),5000
G06885,천년초(화분),5000
G06886,체리,10000
G06887,편백밀대,15500
G06888,포도(거봉),13000
G06889,오이(미니),1300
G06890,오이(조선),1000
G06891,풋고추(롱그린),1500
G06892,플럼코트,10000
G06893,한우사태(국뻣),29400
G06894,호야,4000
G06895,홍콩야자,2500
G06896,감자(홍영),1500
G06897,건다래순,3000
G06898,건망초,3000
G06899,건하늘타리,5000
G06900,겉보리,7000
G06901,고무나무,7000
G06902,고추(나사고추),1200
G06903,고추(선초),1200
G06904,고추(양각초),1200
G06905,고추(우각초),1200
G06906,그린빈스,2500
G06907,깐호랑이콩,1000
G06908,꽃기린,6000
G06909,늘찰보리쌀,6000
G06910,망고수박,7000
G06911,맥문동,4000
G06912,메리골드꽃차,15000
G06913,모시송편,3300
G06914,모시잎,4000
G06915,목련꽃차,19900
G06916,밀,4900
G06917,밤호박(미니),600
G06918,방울기정떡,1650
G06919,백향과,6000
G06920,봉투,100
G06921,블랙베리,5000
G06922,뽕나무(줄기),5500
G06923,사랑초,5000
G06924,수박(씨드리스),18000
G06925,양송이버섯,3500
G06926,오이(토종),1000
G06927,옥수수(초당),3500
G06928,옥수수꽈베기,2000
G06929,와송환,48000
G06930,왕까마중,3000
G06931,우거지,2000
G06932,인동초,5000
G06933,자두(체리),9000
G06934,적양배추브로콜리즙,5000
G06935,제피나무(초피),5000
G06936,참송이버섯분말,15000
G06937,참외,3500
G06938,통보리,9000
G06939,포도,16000
G06940,포도,24000
G06941,포도(데라웨어),10000
G06942,포도(리자마트),4500
G06943,포도(베니바라드),10000
G06944,포도(샤인마스캇),18000
G06945,포도(캠벨),7500
G06946,하이페리콤,6000
G06947,머위,1200
G06948,현미검은콩미숫가루,8500
G06949,호박(국수),3500
G06950,홍고추(청양),1500
G06951,찰옥수수(토종),4000
G06952,참외(망고),16000
G06953,단호박마들렌,2000
G06954,땅콩단호박,1000
G06955,땅콩호박,1000
G06956,르뱅쿠키,2000
G06957,매운쌈장,4600
G06958,복숭아(천중도),9000
G06959,사과(아오리),6000
G06960,사과(자홍),5500
G06961,싸리버섯,45000
G06962,쑥모시송편,3300
G06963,오미자,12000
G06964,색동편강,8000
G06965,생작두콩,5000
G06966,옥수수(토종),4000
G06967,자두(피자두),8500
G06968,청태,15000
G06969,포도(머루),20000
G06970,포도(스튜벤),13000
G06971,풋고추(미인),1500
G06972,한우업진살(국내산),57980
G06973,혼합4곡,6500
G06974,감(우린감),5000
G06975,건가죽나물,3000
G06976,건질경이,4000
G06977,겉절이,8700
G06978,과즐선물세트,20000
G06979,꽃석류,10000
G06980,꿀(한봉),58000
G06981,꿀세트,35000
G06982,녹두(토종),16000
G06983,능이버섯,40000
G06984,다래,15000
G06985,대추(사과),4000
G06986,대추토마토(흑),8000
G06987,두유(꿀),15000
G06988,두유(생강),30000
G06989,마스크끈,2000
G06990,명월초,1200
G06991,모듬송편,12000
G06992,미니사과,4000
G06993,미니사과(루비에스),4000
G06994,미니사과(알프스오토메),4000
G06995,방울증편(단호박),40000
G06996,벤자민,8000
G06997,보리빵,4500
G06998,복숭아병조림,9000
G06999,봉숭아꽃잎,3000
G07000,사과(골드),8000
G07001,상수리,5000
G07002,소프트바게트,4000
G07003,수세미,1000
G07004,쑥송편,1650
G07005,약호박,1500
G07006,양하,2500
G07007,열무(적),2300
G07008,영지버섯(건),12000
G07009,옥수수(얼룩초당),5000
G07010,와송,7000
G07011,유정란,5000
G07012,으름,4000
G07013,전자저울 3kg,28000
G07014,쪽파(종자),3500
G07015,풋고추(조림용),3000
G07016,풋대추,2000
G07017,한痢洲(국내산),31820
G07018,우리밀프레첼,1500
G07019,흰민들레,5000
G07020,건삼,13000
G07021,고구(밤),2000
G07022,고구마(황금),30000
G07023,구기자차,10000
G07024,깐작두콩,3000
G07025,깐호두,10000
G07026,두유(개척1호콩),2000
G07027,딸기잼(선물세트),16500
G07028,마(하늘),4000
G07029,마늘(코끼리),7000
G07030,당근잼,7200
G07031,배(황금),10000
G07032,별사과,9000
G07033,비목차,15000
G07034,석류,5000
G07035,쌀모카빵,1900
G07036,애기사과,4000
G07037,열매마,9000
G07038,절임배추,30000
G07039,탱자,2000
G07040,파프리카(미니),2000
G07041,팥(풋),2000
G07042,팥멥시루떡,1000
G07043,포기상추,1000
G07044,포포열매,10000
G07045,풋콩,5000
G07046,찰옥수수(오색),3600
G07047,참다래,8000
G07048,찹쌀도넛,2250
G07049,한우아롱사태(국내산),23000
G07050,한裏脩(국내산),7660
G07051,肌裏脩(국내산),7680
G07052,감(내명시),3500
G07053,감(떫은감),25000
G07054,감(팔봉시),20000
G07055,꾸지뽕(뿌리),7000
G07056,느릅나무(유근피),5000
G07057,레드퀸,8500
G07058,만주,3500
G07059,먹물치즈치아바타,5000
G07060,부겐빌레아,5000
G07061,블랙.귀리가루세트,31000
G07062,빵끈(종이),2700
G07063,뽕나무(뿌리),5000
G07064,상추(생채),1000
G07065,순무,5000
G07066,식빵(먹물),1750
G07067,약밥브레드,2500
G07068,영지버섯,18000
G07069,찰단팥빵,900
G07070,도라지생강차,14000
G07071,한苡泰翩(국내산),50180
G07072,해바라기씨,1500
G07073,건더덕,9000
G07074,건둥글레,13000
G07075,건오가피(열매),5000
G07076,건죽순,5000
G07077,다발무,120000
G07078,당근(즙),3500
G07079,맵쌀가루,5000
G07080,바사삭떡뻥,3000
G07081,백연근,9000
G07082,비트콜라비차,7500
G07083,쇠무릎(뿌리),8000
G07084,양배추(잎),1500
G07085,연잎분말,9000
G07086,오리훈제(슬),7300
G07087,오이(샐러드),1600
G07088,유색칼라,7000
G07089,크랜베리스콘,3000
G07090,편백절구공이,7000
G07091,포인세티아,4000
G07092,현미떡국떡,7500
G07093,건깻잎순,2000
G07094,고추장(찹쌀),21000
G07095,느릅나무(껍질),6000
G07096,절임포장지,26000
G07097,치커리(청),1000
G07098,포도(머루),8000
G07099,프레첼앙버터,3500
G07100,볶음콩가루,9000
G07101,상추(적로메인),1000
G07102,새우브레드,1750
G07103,양배추(미니),2700
G07104,양배추빵,1750
G07105,전통선물세트,31000
G07106,찰옥수수알,5500
G07107,편강(토종),15000
G07108,엉겅퀴,2000
G07109,에메랄드그린,30000
G07110,한우설도(국내산),14630
G07111,한우양지(국내산),16870
G07112,건머윗대,2500
G07113,검은콩귀리곡물선식,23000
G07114,데친다래순,3500
G07115,데친토란잎,3000
G07116,데친풍년초,3000
G07117,로즈마리,1000
G07118,마씨앗,5000
G07119,명자꽃(산당화),20000
G07120,분말세트,25000
G07121,새싹보리분말,13000
G07122,서리태(토종),15000
G07123,섬초(노지),1500
G07124,식초(감),17000
G07125,실파(손질),2500
G07126,와송세트,40000
G07127,진액세트,40000
G07128,진액세트(3종),50000
G07129,차세트,25000
G07130,초석잠무차,18000
G07131,팥(쉬나리),10000
G07132,한우꾸리살(국내산),14300
G07133,향미,20000
G07134,개나리,5000
G07135,단풍나물,1000
G07136,단풍마,6000
G07137,두충나무,2500
G07138,매발톱,4000
G07139,벼룩나물,1000
G07140,철죽,30000
G07141,샌드빵,4000
G07142,소보루크림빵,1500
G07143,헬레보루스,30000
G07144,건울금,2000
G07145,건표고버섯(배지-슬),2700
G07146,깐감자,4000
G07147,肌邇「을(국내산),50120
G07148,데친참나물,2000
G07149,딸기말랭이,3500
G07150,루콜라,1500
G07151,마르틴,27000
G07152,상추(오크),1000
G07153,엘더베리(순),1500
G07154,옥시페탈룸,6000
G07155,쌀시몬케익,750
G07156,위실나무,2000
G07157,적경채,1000
G07158,청국장분말세트,20000
G07159,청미래뿌리,6000
G07160,토란(종자),3500
G07161,표고버섯(송이),2500
G07162,한우등심(뭄뻣),54560
G07163,건고비,10000
G07164,건당귀뿌리,5000
G07165,건엉겅퀴(뿌리),5000
G07166,경수채(보라),1000
G07167,골든투펫,25000
G07168,그린토마토장아찌,8000
G07169,누룽지맛두부과자,5600
G07170,단호박카스테라,2000
G07171,달개비,10000
G07172,달맞이꽃,6000
G07173,독일아이비,10000
G07174,땅콩쿠키,4000
G07175,마늘빵,3500
G07176,마타피아,3000
G07177,맘모스,3500
G07178,모닝크림빵,2000
G07179,모카크림빵,4500
G07180,발렌타인쟈스민,8000
G07181,백설기(하트),1200
G07182,버베나,10000
G07183,버터크림빵,1500
G07184,보리머핀,2000
G07185,보리카스테라,4000
G07186,뽕잎,2000
G07187,클레마티스,15000
G07188,택란,3500
G07189,편백나무보조의자,14000
G07190,한우보섭살(국내산),19250
G07191,쉬폰,4000
G07192,스케볼라,12000
G07193,쌀단팥빵,1500
G07194,쌀롤케익,2000
G07195,쌀모닝빵,2500
G07196,쌀바게트,3500
G07197,쌀소보루,1200
G07198,쌀슈크림빵,1500
G07199,쌀찜케익,3500
G07200,쌀피자빵,2000
G07201,썬로즈,12000
G07202,쑥카스테라,2500
G07203,양송이버섯,8500
G07204,옥수수붓세케익,1200
G07205,옥수수쿠키,4000
G07206,워터칸나(뱅갈),18000
G07207,초코머핀,1200
G07208,초코쿠키,4000
G07209,초코파이,2000
G07210,케일(적),1000
G07211,통밀식빵,4500
G07212,한우도가니(국내산),22440
G07213,돼지미니갈비(국내산),15480
G07214,해바라기,2500
G07215,흑미롤케익,5000
G07216,건달맞이,5000
G07217,건시금치,2000
G07218,꽃댕강나무,30000
G07219,다용도받침대,32000
G07220,대孀訝뗘,5000
G07221,덴마크무궁화,12000
G07222,매실(토종),13000
G07223,바늘꽃,2500
G07224,바질,2000
G07225,백합(겹),6000
G07226,브로콜리(스틱),1500
G07227,비트(옐로우),1500
G07228,소나무(분재),40000
G07229,식빵(귀리),2500
G07230,써니스마러그,30000
G07231,쑥갓(대엽),1000
G07232,젤리토마토,5500
G07233,주먹토마토,4500
G07234,참빗살나무,1500
G07235,초고추장,4700
G07236,초코카스테라,5000
G07237,커피나무,18000
G07238,오디(토종),4000
G07239,오색마삭,5000
G07240,황금사철,2000
G07241,흑수박,18000
G07242,건메리골드,13000
G07243,고추부각,6500
G07244,금화규잎가루,30000
G07245,누룽지,5000
G07246,돼지가브리살(국내산),10800
G07247,돼지갈매기살(국내산),11610
G07248,돼지갈비(국내산),11600
G07249,돼지등심(국내산),7510
G07250,돼지목심(국내산),12000
G07251,돼지삼겹(국내산),11340
G07252,돼지안심(국내산),7500
G07253,돼지앞다리(국내산),4000
G07254,돼지항정살(국내산),20000
G07255,마늘(육쪽),4000
G07256,맨드라미,3000
G07257,박,3500
G07258,보리쌀,13000
G07259,복(백도),18000
G07260,복숭아(백),22000
G07261,사과(썸머킹),9000
G07262,사과참외(토종),4000
G07263,샤프란,4000
G07264,슈가토마토,3000
G07265,양배추(고깔),1500
G07266,痢消便觀,2600
G07267,케이크,86000
G07268,포도(블랙사파이어),15000
G07269,풋사과,8000
G07270,한우사골곰탕,5000
G07271,한우사태(국내산),20990
G07272,깐마늘(육쪽),3000
G07273,깐밤호박,4000
G07274,꽈리고추(시시토),1500
G07275,단호박구운과자,5400
G07276,돼지삼겹(국내산),8770
G07277,돼지爛摸(국내산),5900
G07278,돼지앞다(국내산),5300
G07279,비파진액,30000
G07280,야채수,4400
G07281,테이블야자,5000
G07282,팽이버섯(황금송이),2500
G07283,포도(바이올렛킹),6000
G07284,피라칸,5000
G07285,구절초,5000
G07286,깐고구마줄기,2700
G07287,깐마늘(홍산),3000
G07288,마늘(홍산),10000
G07289,머루,7000
G07290,딜,1000
G07291,롤케익세트,12000
G07292,배추(토종솎음),1500
G07293,보(순),1500
G07294,수세미도라지즙,30000
G07295,스킨답서스,15000
G07296,스피아민트,2000
G07297,아마란스차,1800
G07298,얌빈(멕시코감자),5000
G07299,여름두릅,3000
G07300,오색송편,15000
G07301,우슬초차,1800
G07302,콜레우스,4000
G07303,파슬리,2000
G07304,페어리스타,7000
G07305,표고버섯(동고),35000
G07306,풋땅콩호박,1800
G07307,플럼바고,7000
G07308,차요테,5000
G07309,肌苡爛摸(국내산),18960
G07310,가시엉겅퀴차,10000
G07311,감(두리),8000
G07312,건감잎,4000
G07313,귤,3000
G07314,금관화,6000
G07315,깐넝쿨콩,5000
G07316,도깨비박,5000
G07317,망고참외차,1800
G07318,무화과(묘목),7000
G07319,사르비아,4000
G07320,손쑥송편,4000
G07321,자두즙,1800
G07322,타임,2000
G07323,편백다용도받침대,32000
G07324,호박머핀,1300
G07325,호박브레드,4000
G07326,홍고추(오이아삭이),1800
G07327,가시오가피(열매),5000
G07328,갓김치,5000
G07329,골드키위(감황),12000
G07330,늙은호박,5000
G07331,돼지안(국내산),5920
G07332,상추(멀티리프),1000
G07333,메론장아찌,5000
G07334,알타리무(적),1800
G07335,야콘,7000
G07336,키위(옐로우),15000
G07337,한우곤자(국내산),6570
G07338,한우안창살(국내산),29760
G07339,한우토시살(국내산),37920
G07340,건눈개승마(삼나물),10000
G07341,건여주,6000
G07342,꽝꽝나무,2500
G07343,녹찰현미,9800
G07344,돼지뒷다리(국내산),12500
G07345,돼지사태(국내산),6690
G07346,돼恥銓(국내산),14090
G07347,마늘(쪽),3500
G07348,물냉이,1000
G07349,밍크버들,7000
G07350,샌드카스테라,2300
G07351,쌀야채모닝빵,5000
G07352,우리밀롤케이크,5000
G07353,익은김치,5000
G07354,한우안심(국내산),49280
G07355,현미쌀뻥튀기,3500
G07356,흑땅콩,12000
G07357,흰민들레차,10000
G07358,건당귀뿌리,15000
G07359,건우슬,6000
G07360,고구마(물),3000
G07361,꿀,9000
G07362,나무공예품,8000
G07363,누룽지가래떡,2000
G07364,누룽지떡국떡,8000
G07365,누룽지떡볶이떡,2000
G07366,동백,10000
G07367,탕嗤洲(국내산),8880
G07368,레몬,14000
G07369,보리싸리,20000
G07370,오레가노홀,9500
G07371,고구마(호박),3000
G07372,귀리뻥튀기,11000
G07373,건생강,3000
G07374,단호박찹쌀꽈베기,4000
G07375,동부찰밥,8000
G07376,돼지항정살(국내산),12010
G07377,로즈마리홀,9500
G07378,바질청,10500
G07379,쌀눈,10000
G07380,아이스플랜트,1000
G07381,칼란디바,2500
G07382,한우치맛살(국내산),41540
G07383,호두과자,2000
G07384,건구기자순,2000
G07385,데친시금치,5000
G07386,돼지감자(자색),3000
G07387,딸기생크림빵,5000
G07388,망초대,2500
G07389,목마아가렛,4000
G07390,무늬병꽃,6000
G07391,부추(초벌),1000
G07392,식용꽃,4000
G07393,쌈추(적),1200
G07394,쑥설기,900
G07395,양배추당근즙,4300
G07396,양잎파,1500
G07397,오미자당절임,20000
G07398,작약,3000
G07399,장녹나물,1000
G07400,칡,4000
G07401,칸나,20000
G07402,크로톤,4000
G07403,팥(토종),6000
G07404,풋마늘(토종),1400
G07405,피라칸타,8000
G07406,곤드레나물,4000
G07407,당귀(화분),2000
G07408,건민들레(흰),5000
G07409,도라지순,3800
G07410,돼지삼겹(국뻣),13290
G07411,탕淄횟(국내산),6610
G07412,마늘(장아찌용),4000
G07413,알라만다,5000
G07414,카랑코에테사,4000
G07415,한우국거리(국내산),11460
G07416,한우살치살(국내산),63000
G07417,한우살치(국내산),74520
G07418,황금마삭,15000
G07419,돼지목심(국내산),15100
G07420,백앵두,2500
G07421,백태뻥튀기,3200
G07422,보쌈치커리,1000
G07423,복숭아(천둥),4000
G07424,붓들레아,5000
G07425,배청채,1500
G07426,시금치(인디안),1200
G07427,오이(취청),1400
G07428,자색고구마단호박설기,500
G07429,청국장환,7200
G07430,하이포테스,3000
G07431,건국화,5000
G07432,금화규잎환,25000
G07433,돼지목심(국내산),12090
G07434,탕恥銓(국내산),16010
G07435,사과(썸머프린스),8500
G07436,생강차,7800
G07437,둥굴레차,7000
G07438,마치목,15000
G07439,못난이빵,5000
G07440,복숭아(미니),4000
G07441,요구르트,4800
G07442,월계수(화분),4000
G07443,흑찰보리,6000
G07444,건둥굴레,7500
G07445,구아바,8500
G07446,메론(장아찌용),5500
G07447,부추(토종),1500
G07448,오크라,3000
G07449,종량제봉투10L,230
G07450,한우불고기(국내산),36420
G07451,한우업진(국내산),37260
G07452,과꽃(미니),7000
G07453,깐마늘(코끼리),4000
G07454,녹두,23000
G07455,돼지목심(국내),10450
G07456,두부과자,35600
G07457,오이고추(피클),1000
G07458,찐옥수수,3500
G07459,참외(토종),8000
G07460,칼슘열매,3000
G07461,아스타,5000
G07462,토마토즙,4500
G07463,자색돼지감자즙,4000
G07464,진액세트(2종),35000
G07465,애플수박,4000
G07466,새송이버섯,3500
G07467,건잔나비걸상버섯,8000
G07468,꽃다발,7000
G07469,꿀(감로),50000
G07470,대파(뿌리),3000
G07471,돼지갈비(국내산),21720
G07472,무첨”,1500
G07473,송화고버섯,5000
G07474,폼폰국화,7000
G07475,한우목심(국내),22380
